,rental_id,inventory_id,customer_id,staff_id,rental_date,rental_time,return_date,return_time,last_update
0,1,983,39,1,2005-05-24,22:53:30,2005-05-26,22:04:30,2006-02-15 21:30:53
1,2,955,9,1,2005-05-24,22:54:33,2005-05-28,19:40:33,2006-02-15 21:30:53
2,3,421,86,1,2005-05-24,23:03:39,2005-06-01,22:12:39,2006-02-15 21:30:53
3,4,995,9,2,2005-05-24,23:04:41,2005-06-03,01:43:41,2006-02-15 21:30:53
4,5,96,20,1,2005-05-24,23:05:21,2005-06-02,04:33:21,2006-02-15 21:30:53
5,6,554,46,1,2005-05-24,23:08:07,2005-05-27,01:32:07,2006-02-15 21:30:53
6,7,287,44,2,2005-05-24,23:11:53,2005-05-29,20:34:53,2006-02-15 21:30:53
7,8,870,67,2,2005-05-24,23:31:46,2005-05-27,23:33:46,2006-02-15 21:30:53
8,9,992,10,1,2005-05-25,00:00:40,2005-05-28,00:22:40,2006-02-15 21:30:53
9,10,506,50,2,2005-05-25,00:02:21,2005-05-31,22:44:21,2006-02-15 21:30:53
10,11,588,23,2,2005-05-25,00:09:02,2005-06-02,20:56:02,2006-02-15 21:30:53
11,12,772,9,2,2005-05-25,00:19:27,2005-05-30,05:44:27,2006-02-15 21:30:53
12,13,280,34,1,2005-05-25,00:22:55,2005-05-30,04:28:55,2006-02-15 21:30:53
13,14,568,27,1,2005-05-25,00:31:15,2005-05-26,02:56:15,2006-02-15 21:30:53
14,15,756,29,1,2005-05-25,00:39:22,2005-06-03,03:30:22,2006-02-15 21:30:53
15,16,316,16,2,2005-05-25,00:43:11,2005-05-26,04:42:11,2006-02-15 21:30:53
16,17,698,50,1,2005-05-25,01:06:36,2005-05-27,00:43:36,2006-02-15 21:30:53
17,18,295,6,2,2005-05-25,01:10:47,2005-05-31,06:35:47,2006-02-15 21:30:53
18,19,941,57,1,2005-05-25,01:17:24,2005-05-31,06:00:24,2006-02-15 21:30:53
19,20,413,92,2,2005-05-25,01:48:41,2005-05-27,02:20:41,2006-02-15 21:30:53
20,21,926,33,2,2005-05-25,01:59:46,2005-05-26,01:01:46,2006-02-15 21:30:53
21,22,990,69,2,2005-05-25,02:19:23,2005-05-26,04:52:23,2006-02-15 21:30:53
22,23,442,45,1,2005-05-25,02:40:21,2005-05-29,06:34:21,2006-02-15 21:30:53
23,24,626,66,1,2005-05-25,02:53:02,2005-05-27,01:15:02,2006-02-15 21:30:53
24,25,877,4,2,2005-05-25,03:21:20,2005-05-27,21:25:20,2006-02-15 21:30:53
25,26,964,55,1,2005-05-25,03:36:50,2005-05-31,00:34:50,2006-02-15 21:30:53
26,27,258,21,2,2005-05-25,03:41:50,2005-05-30,01:13:50,2006-02-15 21:30:53
27,28,25,70,2,2005-05-25,03:42:37,2005-05-26,09:26:37,2006-02-15 21:30:53
28,29,74,2,2,2005-05-25,03:47:12,2005-05-30,00:31:12,2006-02-15 21:30:53
29,30,556,95,1,2005-05-25,04:01:32,2005-05-30,03:12:32,2006-02-15 21:30:53
30,31,543,15,1,2005-05-25,04:05:17,2005-05-30,07:15:17,2006-02-15 21:30:53
31,32,896,16,1,2005-05-25,04:06:21,2005-05-25,23:55:21,2006-02-15 21:30:53
32,33,747,24,1,2005-05-25,04:18:51,2005-05-27,03:58:51,2006-02-15 21:30:53
33,34,901,100,2,2005-05-25,04:19:28,2005-05-29,00:10:28,2006-02-15 21:30:53
34,35,278,92,2,2005-05-25,04:24:36,2005-05-27,07:02:36,2006-02-15 21:30:53
35,36,329,73,1,2005-05-25,04:36:26,2005-05-29,00:31:26,2006-02-15 21:30:53
36,37,632,10,1,2005-05-25,04:44:31,2005-05-29,01:03:31,2006-02-15 21:30:53
37,38,707,39,1,2005-05-25,04:47:44,2005-06-01,00:58:44,2006-02-15 21:30:53
38,39,988,24,2,2005-05-25,04:51:46,2005-05-31,03:14:46,2006-02-15 21:30:53
39,40,30,44,1,2005-05-25,05:09:04,2005-05-27,23:12:04,2006-02-15 21:30:53
40,41,270,39,1,2005-05-25,05:12:29,2005-06-02,00:28:29,2006-02-15 21:30:53
41,42,985,35,2,2005-05-25,05:24:58,2005-05-31,02:47:58,2006-02-15 21:30:53
42,43,963,98,2,2005-05-25,05:39:25,2005-05-26,06:54:25,2006-02-15 21:30:53
43,44,436,41,2,2005-05-25,05:53:23,2005-05-29,10:56:23,2006-02-15 21:30:53
44,45,831,60,2,2005-05-25,05:59:39,2005-06-02,09:56:39,2006-02-15 21:30:53
45,46,995,6,2,2005-05-25,06:04:08,2005-06-02,08:18:08,2006-02-15 21:30:53
46,47,945,70,1,2005-05-25,06:05:20,2005-05-30,03:04:20,2006-02-15 21:30:53
47,48,32,39,1,2005-05-25,06:20:46,2005-06-02,05:42:46,2006-02-15 21:30:53
48,49,652,63,2,2005-05-25,06:39:35,2005-05-30,10:12:35,2006-02-15 21:30:53
49,50,547,39,2,2005-05-25,06:44:53,2005-05-28,11:28:53,2006-02-15 21:30:53
50,51,41,5,1,2005-05-25,06:49:10,2005-05-26,06:42:10,2006-02-15 21:30:53
51,52,592,80,2,2005-05-25,06:51:29,2005-05-31,01:27:29,2006-02-15 21:30:53
52,53,448,37,2,2005-05-25,07:19:16,2005-05-27,05:19:16,2006-02-15 21:30:53
53,54,1,12,2,2005-05-25,07:23:25,2005-06-01,05:05:25,2006-02-15 21:30:53
54,55,756,93,1,2005-05-25,08:26:13,2005-05-30,10:57:13,2006-02-15 21:30:53
55,56,884,89,1,2005-05-25,08:28:11,2005-05-26,14:21:11,2006-02-15 21:30:53
56,57,653,6,2,2005-05-25,08:43:32,2005-05-29,06:42:32,2006-02-15 21:30:53
57,58,94,21,1,2005-05-25,08:53:14,2005-05-28,14:40:14,2006-02-15 21:30:53
58,59,519,31,1,2005-05-25,08:56:42,2005-06-01,09:52:42,2006-02-15 21:30:53
59,60,135,93,1,2005-05-25,08:58:25,2005-05-30,14:14:25,2006-02-15 21:30:53
60,61,325,65,2,2005-05-25,09:01:57,2005-06-02,07:22:57,2006-02-15 21:30:53
61,62,287,69,1,2005-05-25,09:18:52,2005-05-30,10:55:52,2006-02-15 21:30:53
62,63,174,91,1,2005-05-25,09:19:16,2005-05-27,04:24:16,2006-02-15 21:30:53
63,64,485,48,1,2005-05-25,09:21:29,2005-06-03,11:31:29,2006-02-15 21:30:53
64,65,278,86,1,2005-05-25,09:32:03,2005-05-29,14:21:03,2006-02-15 21:30:53
65,66,43,66,2,2005-05-25,09:35:12,2005-05-29,04:16:12,2006-02-15 21:30:53
66,67,223,34,2,2005-05-25,09:41:01,2005-05-27,13:46:01,2006-02-15 21:30:53
67,68,87,94,2,2005-05-25,09:47:31,2005-05-31,10:20:31,2006-02-15 21:30:53
68,69,136,85,2,2005-05-25,10:10:14,2005-05-27,14:02:14,2006-02-15 21:30:53
69,70,765,82,2,2005-05-25,10:15:23,2005-05-27,05:56:23,2006-02-15 21:30:53
70,71,754,61,1,2005-05-25,10:26:39,2005-05-28,04:59:39,2006-02-15 21:30:53
71,72,228,94,2,2005-05-25,10:52:13,2005-05-28,05:52:13,2006-02-15 21:30:53
72,73,944,36,2,2005-05-25,11:00:07,2005-06-01,13:56:07,2006-02-15 21:30:53
73,74,318,90,2,2005-05-25,11:09:48,2005-05-26,12:23:48,2006-02-15 21:30:53
74,75,617,1,1,2005-05-25,11:13:34,2005-06-03,12:58:34,2006-02-15 21:30:53
75,76,516,2,2,2005-05-25,11:30:37,2005-06-03,12:00:37,2006-02-15 21:30:53
76,77,100,35,2,2005-05-25,11:31:59,2005-05-26,16:53:59,2006-02-15 21:30:53
77,78,721,38,2,2005-05-25,11:35:18,2005-05-31,12:48:18,2006-02-15 21:30:53
78,79,481,65,2,2005-05-25,12:11:07,2005-06-03,10:54:07,2006-02-15 21:30:53
79,80,329,99,2,2005-05-25,12:12:07,2005-05-31,17:46:07,2006-02-15 21:30:53
80,81,97,13,2,2005-05-25,12:15:19,2005-06-02,14:08:19,2006-02-15 21:30:53
81,82,599,4,1,2005-05-25,12:17:46,2005-06-01,10:48:46,2006-02-15 21:30:53
82,83,601,100,1,2005-05-25,12:30:15,2005-05-27,15:40:15,2006-02-15 21:30:53
83,84,315,82,1,2005-05-25,12:36:30,2005-05-29,18:33:30,2006-02-15 21:30:53
84,85,894,32,1,2005-05-25,13:05:34,2005-05-29,16:53:34,2006-02-15 21:30:53
85,86,321,3,1,2005-05-25,13:36:12,2005-05-30,14:53:12,2006-02-15 21:30:53
86,87,567,62,2,2005-05-25,13:52:43,2005-05-29,11:12:43,2006-02-15 21:30:53
87,88,257,19,2,2005-05-25,14:13:54,2005-05-29,09:32:54,2006-02-15 21:30:53
88,89,303,19,1,2005-05-25,14:28:29,2005-05-29,14:33:29,2006-02-15 21:30:53
89,90,817,40,1,2005-05-25,14:31:25,2005-06-01,10:07:25,2006-02-15 21:30:53
90,91,416,64,1,2005-05-25,14:57:22,2005-06-01,18:32:22,2006-02-15 21:30:53
91,92,291,38,2,2005-05-25,15:38:46,2005-05-31,13:40:46,2006-02-15 21:30:53
92,93,502,24,1,2005-05-25,15:54:16,2005-06-03,20:18:16,2006-02-15 21:30:53
93,94,64,20,1,2005-05-25,16:03:42,2005-05-30,14:23:42,2006-02-15 21:30:53
94,95,589,11,2,2005-05-25,16:12:52,2005-06-02,18:55:52,2006-02-15 21:30:53
95,96,69,42,2,2005-05-25,16:32:19,2005-05-30,10:47:19,2006-02-15 21:30:53
96,97,87,92,2,2005-05-25,16:34:24,2005-05-28,12:13:24,2006-02-15 21:30:53
97,98,947,42,2,2005-05-25,16:48:24,2005-05-27,11:29:24,2006-02-15 21:30:53
98,99,940,86,1,2005-05-25,16:50:20,2005-05-28,18:52:20,2006-02-15 21:30:53
99,100,374,85,1,2005-05-25,16:50:28,2005-06-02,22:11:28,2006-02-15 21:30:53
100,101,864,13,1,2005-05-25,17:17:04,2005-05-31,19:47:04,2006-02-15 21:30:53
101,102,72,29,1,2005-05-25,17:22:10,2005-05-31,19:47:10,2006-02-15 21:30:53
102,103,843,97,1,2005-05-25,17:30:42,2005-06-03,22:36:42,2006-02-15 21:30:53
103,104,789,22,1,2005-05-25,17:46:33,2005-05-27,15:20:33,2006-02-15 21:30:53
104,105,79,72,2,2005-05-25,17:54:12,2005-05-30,12:03:12,2006-02-15 21:30:53
105,106,470,33,2,2005-05-25,18:18:19,2005-06-04,00:01:19,2006-02-15 21:30:53
106,107,857,99,2,2005-05-25,18:28:09,2005-06-03,22:46:09,2006-02-15 21:30:53
107,108,938,38,1,2005-05-25,18:30:05,2005-05-30,19:40:05,2006-02-15 21:30:53
108,109,251,93,2,2005-05-25,18:40:20,2005-05-29,20:39:20,2006-02-15 21:30:53
109,110,700,50,2,2005-05-25,18:43:49,2005-06-03,18:13:49,2006-02-15 21:30:53
110,111,604,80,1,2005-05-25,18:45:19,2005-05-28,17:18:19,2006-02-15 21:30:53
111,112,889,34,1,2005-05-25,18:57:24,2005-06-02,20:44:24,2006-02-15 21:30:53
112,113,684,80,2,2005-05-25,19:07:40,2005-05-27,22:16:40,2006-02-15 21:30:53
113,114,961,68,1,2005-05-25,19:12:42,2005-06-01,23:10:42,2006-02-15 21:30:53
114,115,26,78,1,2005-05-25,19:13:25,2005-05-29,20:17:25,2006-02-15 21:30:53
115,116,869,13,1,2005-05-25,19:27:51,2005-05-26,16:23:51,2006-02-15 21:30:53
116,117,455,21,2,2005-05-25,19:30:46,2005-05-31,23:59:46,2006-02-15 21:30:53
117,118,887,52,1,2005-05-25,19:31:18,2005-05-31,15:00:18,2006-02-15 21:30:53
118,119,213,83,2,2005-05-25,19:37:02,2005-05-29,23:51:02,2006-02-15 21:30:53
119,120,947,36,2,2005-05-25,19:37:47,2005-06-01,23:29:47,2006-02-15 21:30:53
120,121,8,37,1,2005-05-25,19:41:29,2005-05-29,21:31:29,2006-02-15 21:30:53
121,122,543,33,1,2005-05-25,19:46:21,2005-06-02,19:07:21,2006-02-15 21:30:53
122,123,239,86,1,2005-05-25,20:26:42,2005-05-26,19:41:42,2006-02-15 21:30:53
123,124,675,20,2,2005-05-25,20:46:11,2005-05-30,00:47:11,2006-02-15 21:30:53
124,125,359,77,1,2005-05-25,20:48:50,2005-06-02,21:39:50,2006-02-15 21:30:53
125,126,423,72,1,2005-05-25,21:07:59,2005-05-28,18:51:59,2006-02-15 21:30:53
126,127,972,2,1,2005-05-25,21:10:40,2005-06-02,21:38:40,2006-02-15 21:30:53
127,128,170,47,1,2005-05-25,21:19:53,2005-05-29,23:34:53,2006-02-15 21:30:53
128,129,261,32,2,2005-05-25,21:20:03,2005-06-04,01:25:03,2006-02-15 21:30:53
129,130,959,82,2,2005-05-25,21:21:56,2005-05-30,22:41:56,2006-02-15 21:30:53
130,131,80,65,2,2005-05-25,21:42:46,2005-05-30,23:25:46,2006-02-15 21:30:53
131,132,947,33,1,2005-05-25,21:46:54,2005-05-31,21:02:54,2006-02-15 21:30:53
132,133,745,1,2,2005-05-25,21:48:30,2005-05-30,00:26:30,2006-02-15 21:30:53
133,134,552,97,1,2005-05-25,21:48:41,2005-06-02,18:28:41,2006-02-15 21:30:53
134,135,706,35,1,2005-05-25,21:58:58,2005-06-03,17:50:58,2006-02-15 21:30:53
135,136,990,3,1,2005-05-25,22:02:30,2005-05-31,18:06:30,2006-02-15 21:30:53
136,137,919,63,2,2005-05-25,22:25:18,2005-06-01,02:30:18,2006-02-15 21:30:53
137,138,429,18,2,2005-05-25,22:48:22,2005-05-29,20:21:22,2006-02-15 21:30:53
138,139,634,50,1,2005-05-25,23:00:21,2005-05-29,17:12:21,2006-02-15 21:30:53
139,140,703,100,1,2005-05-25,23:34:22,2005-05-27,01:10:22,2006-02-15 21:30:53
140,141,520,44,1,2005-05-25,23:34:53,2005-06-02,01:57:53,2006-02-15 21:30:53
141,142,381,66,2,2005-05-25,23:43:47,2005-05-29,00:46:47,2006-02-15 21:30:53
142,143,204,32,2,2005-05-25,23:45:52,2005-05-27,21:41:52,2006-02-15 21:30:53
143,144,485,52,2,2005-05-25,23:49:56,2005-06-01,21:41:56,2006-02-15 21:30:53
144,145,348,23,1,2005-05-25,23:59:03,2005-05-31,02:56:03,2006-02-15 21:30:53
145,146,341,90,2,2005-05-26,00:07:11,2005-06-04,00:20:11,2006-02-15 21:30:53
146,147,815,44,2,2005-05-26,00:17:50,2005-05-29,23:21:50,2006-02-15 21:30:53
147,148,114,11,2,2005-05-26,00:25:23,2005-06-01,19:29:23,2006-02-15 21:30:53
148,149,393,97,2,2005-05-26,00:28:05,2005-06-02,21:30:05,2006-02-15 21:30:53
149,150,130,73,2,2005-05-26,00:28:39,2005-06-01,02:10:39,2006-02-15 21:30:53
150,151,353,64,1,2005-05-26,00:37:28,2005-05-30,06:28:28,2006-02-15 21:30:53
151,152,96,1,1,2005-05-26,00:41:10,2005-06-03,06:05:10,2006-02-15 21:30:53
152,153,941,90,1,2005-05-26,00:47:47,2005-05-27,21:28:47,2006-02-15 21:30:53
153,154,781,1,2,2005-05-26,00:55:56,2005-05-29,23:18:56,2006-02-15 21:30:53
154,155,625,17,1,2005-05-26,01:15:05,2005-06-01,00:03:05,2006-02-15 21:30:53
155,156,173,29,1,2005-05-26,01:19:05,2005-05-27,23:43:05,2006-02-15 21:30:53
156,157,452,80,2,2005-05-26,01:25:21,2005-05-26,21:17:21,2006-02-15 21:30:53
157,158,892,22,2,2005-05-26,01:27:11,2005-06-03,00:30:11,2006-02-15 21:30:53
158,159,174,52,1,2005-05-26,01:34:28,2005-05-29,04:00:28,2006-02-15 21:30:53
159,160,67,21,1,2005-05-26,01:46:20,2005-06-01,05:45:20,2006-02-15 21:30:53
160,161,712,93,1,2005-05-26,01:51:48,2005-05-27,05:42:48,2006-02-15 21:30:53
161,162,243,90,2,2005-05-26,02:02:05,2005-05-27,03:38:05,2006-02-15 21:30:53
162,163,505,71,1,2005-05-26,02:26:23,2005-06-04,06:36:23,2006-02-15 21:30:53
163,164,102,53,1,2005-05-26,02:26:49,2005-05-28,00:32:49,2006-02-15 21:30:53
164,165,70,60,1,2005-05-26,02:28:36,2005-06-02,03:21:36,2006-02-15 21:30:53
165,166,362,6,1,2005-05-26,02:49:11,2005-05-31,01:28:11,2006-02-15 21:30:53
166,167,549,34,1,2005-05-26,02:50:31,2005-05-27,03:07:31,2006-02-15 21:30:53
167,168,143,32,2,2005-05-26,03:07:43,2005-06-02,02:09:43,2006-02-15 21:30:53
168,169,938,53,2,2005-05-26,03:09:30,2005-05-27,01:37:30,2006-02-15 21:30:53
169,170,261,5,1,2005-05-26,03:11:12,2005-06-02,03:53:12,2006-02-15 21:30:53
170,171,444,82,2,2005-05-26,03:14:15,2005-06-03,00:24:15,2006-02-15 21:30:53
171,172,604,36,2,2005-05-26,03:17:42,2005-05-29,04:11:42,2006-02-15 21:30:53
172,173,955,31,2,2005-05-26,03:42:10,2005-05-28,01:37:10,2006-02-15 21:30:53
173,174,252,72,2,2005-05-26,03:44:10,2005-05-28,07:13:10,2006-02-15 21:30:53
174,175,693,10,2,2005-05-26,03:46:26,2005-06-03,06:01:26,2006-02-15 21:30:53
175,176,229,30,2,2005-05-26,03:47:39,2005-06-01,02:36:39,2006-02-15 21:30:53
176,177,330,80,2,2005-05-26,04:14:29,2005-06-01,08:16:29,2006-02-15 21:30:53
177,178,768,4,2,2005-05-26,04:21:46,2005-06-04,07:09:46,2006-02-15 21:30:53
178,179,177,67,1,2005-05-26,04:26:06,2005-06-03,10:06:06,2006-02-15 21:30:53
179,180,653,41,1,2005-05-26,04:46:23,2005-06-01,09:58:23,2006-02-15 21:30:53
180,181,322,66,2,2005-05-26,04:47:06,2005-05-29,06:34:06,2006-02-15 21:30:53
181,182,789,82,2,2005-05-26,04:49:17,2005-06-01,05:43:17,2006-02-15 21:30:53
182,183,27,31,1,2005-05-26,05:01:18,2005-06-01,09:04:18,2006-02-15 21:30:53
183,184,709,8,1,2005-05-26,05:29:49,2005-05-28,10:10:49,2006-02-15 21:30:53
184,185,499,66,2,2005-05-26,05:30:03,2005-06-02,09:48:03,2006-02-15 21:30:53
185,186,939,6,2,2005-05-26,05:32:52,2005-06-03,07:19:52,2006-02-15 21:30:53
186,187,82,41,1,2005-05-26,05:42:37,2005-06-04,00:38:37,2006-02-15 21:30:53
187,188,841,95,1,2005-05-26,05:47:12,2005-05-26,23:48:12,2006-02-15 21:30:53
188,189,162,93,1,2005-05-26,06:01:41,2005-05-27,06:11:41,2006-02-15 21:30:53
189,190,828,60,1,2005-05-26,06:11:28,2005-06-01,09:44:28,2006-02-15 21:30:53
190,191,327,15,1,2005-05-26,06:14:06,2005-05-28,05:33:06,2006-02-15 21:30:53
191,192,878,92,1,2005-05-26,06:20:37,2005-06-02,10:57:37,2006-02-15 21:30:53
192,193,342,53,2,2005-05-26,06:41:48,2005-05-30,06:21:48,2006-02-15 21:30:53
193,194,762,5,2,2005-05-26,06:52:33,2005-05-30,04:08:33,2006-02-15 21:30:53
194,195,772,38,2,2005-05-26,06:52:36,2005-05-31,02:47:36,2006-02-15 21:30:53
195,196,59,13,1,2005-05-26,06:55:58,2005-05-27,10:54:58,2006-02-15 21:30:53
196,197,833,82,2,2005-05-26,06:59:21,2005-06-03,05:04:21,2006-02-15 21:30:53
197,198,454,88,1,2005-05-26,07:03:49,2005-06-04,11:45:49,2006-02-15 21:30:53
198,199,683,53,1,2005-05-26,07:11:58,2005-05-28,09:06:58,2006-02-15 21:30:53
199,200,129,86,1,2005-05-26,07:12:21,2005-05-31,12:07:21,2006-02-15 21:30:53
200,201,504,7,2,2005-05-26,07:13:45,2005-06-04,02:02:45,2006-02-15 21:30:53
201,202,287,35,1,2005-05-26,07:27:36,2005-06-02,03:52:36,2006-02-15 21:30:53
202,203,380,46,1,2005-05-26,07:27:57,2005-06-03,12:52:57,2006-02-15 21:30:53
203,204,445,12,1,2005-05-26,07:30:37,2005-05-30,08:11:37,2006-02-15 21:30:53
204,205,972,4,2,2005-05-26,07:59:37,2005-05-29,09:43:37,2006-02-15 21:30:53
205,206,688,64,1,2005-05-26,08:01:54,2005-05-27,06:26:54,2006-02-15 21:30:53
206,207,65,58,2,2005-05-26,08:04:38,2005-05-27,09:32:38,2006-02-15 21:30:53
207,208,14,41,1,2005-05-26,08:10:22,2005-05-27,03:55:22,2006-02-15 21:30:53
208,209,737,77,1,2005-05-26,08:14:01,2005-05-27,09:00:01,2006-02-15 21:30:53
209,210,520,52,2,2005-05-26,08:14:15,2005-05-27,12:12:15,2006-02-15 21:30:53
210,211,871,89,1,2005-05-26,08:33:10,2005-05-28,14:09:10,2006-02-15 21:30:53
211,212,270,32,2,2005-05-26,08:34:41,2005-05-30,12:46:41,2006-02-15 21:30:53
212,213,522,84,2,2005-05-26,08:44:08,2005-05-31,12:33:08,2006-02-15 21:30:53
213,214,744,9,2,2005-05-26,08:48:49,2005-05-31,04:06:49,2006-02-15 21:30:53
214,215,802,69,2,2005-05-26,09:02:47,2005-05-28,09:45:47,2006-02-15 21:30:53
215,216,337,28,1,2005-05-26,09:17:43,2005-06-03,08:21:43,2006-02-15 21:30:53
216,217,305,12,2,2005-05-26,09:24:26,2005-05-31,03:24:26,2006-02-15 21:30:53
217,218,475,90,2,2005-05-26,09:27:09,2005-06-04,11:53:09,2006-02-15 21:30:53
218,219,440,2,1,2005-05-26,09:41:45,2005-05-28,04:40:45,2006-02-15 21:30:53
219,220,613,54,1,2005-05-26,10:06:49,2005-06-01,07:43:49,2006-02-15 21:30:53
220,221,688,44,1,2005-05-26,10:14:09,2005-05-29,05:57:09,2006-02-15 21:30:53
221,222,14,33,2,2005-05-26,10:14:38,2005-05-31,08:36:38,2006-02-15 21:30:53
222,223,27,10,1,2005-05-26,10:15:23,2005-05-30,11:43:23,2006-02-15 21:30:53
223,224,243,46,1,2005-05-26,10:18:27,2005-06-04,06:59:27,2006-02-15 21:30:53
224,225,274,75,2,2005-05-26,10:27:50,2005-06-01,07:01:50,2006-02-15 21:30:53
225,226,701,42,2,2005-05-26,10:44:04,2005-05-31,13:26:04,2006-02-15 21:30:53
226,227,556,96,1,2005-05-26,10:51:46,2005-05-30,07:24:46,2006-02-15 21:30:53
227,228,370,39,1,2005-05-26,10:54:28,2005-06-04,09:39:28,2006-02-15 21:30:53
228,229,687,54,2,2005-05-26,11:19:20,2005-05-31,11:56:20,2006-02-15 21:30:53
229,230,975,41,1,2005-05-26,11:31:50,2005-05-30,15:22:50,2006-02-15 21:30:53
230,231,331,52,1,2005-05-26,11:31:59,2005-05-27,07:27:59,2006-02-15 21:30:53
231,232,325,27,2,2005-05-26,11:38:05,2005-05-27,08:42:05,2006-02-15 21:30:53
232,233,202,15,2,2005-05-26,11:43:44,2005-05-28,17:28:44,2006-02-15 21:30:53
233,234,851,45,2,2005-05-26,11:47:20,2005-06-03,10:39:20,2006-02-15 21:30:53
234,235,768,5,1,2005-05-26,11:51:09,2005-06-04,09:36:09,2006-02-15 21:30:53
235,236,304,52,1,2005-05-26,11:53:49,2005-05-28,13:55:49,2006-02-15 21:30:53
236,237,571,60,1,2005-05-26,12:15:13,2005-05-29,18:10:13,2006-02-15 21:30:53
237,238,910,90,1,2005-05-26,12:30:22,2005-05-27,06:49:22,2006-02-15 21:30:53
238,239,684,8,2,2005-05-26,12:30:26,2005-06-01,13:26:26,2006-02-15 21:30:53
239,240,945,87,1,2005-05-26,12:40:23,2005-06-04,07:22:23,2006-02-15 21:30:53
240,241,445,23,2,2005-05-26,12:49:01,2005-05-28,11:43:01,2006-02-15 21:30:53
241,242,429,47,1,2005-05-26,13:05:08,2005-06-02,15:26:08,2006-02-15 21:30:53
242,243,52,94,2,2005-05-26,13:06:05,2005-06-03,17:28:05,2006-02-15 21:30:53
243,244,554,54,1,2005-05-26,13:40:40,2005-05-31,11:58:40,2006-02-15 21:30:53
244,245,2,57,2,2005-05-26,13:46:59,2005-05-27,09:58:59,2006-02-15 21:30:53
245,246,220,92,2,2005-05-26,13:57:07,2005-05-29,10:12:07,2006-02-15 21:30:53
246,247,474,75,2,2005-05-26,14:01:05,2005-05-28,13:38:05,2006-02-15 21:30:53
247,248,833,34,2,2005-05-26,14:07:58,2005-05-31,14:03:58,2006-02-15 21:30:53
248,249,672,96,2,2005-05-26,14:19:09,2005-05-28,17:47:09,2006-02-15 21:30:53
249,250,716,57,1,2005-05-26,14:30:24,2005-05-27,08:50:24,2006-02-15 21:30:53
250,251,371,100,1,2005-05-26,14:35:40,2005-05-29,17:17:40,2006-02-15 21:30:53
251,252,563,76,1,2005-05-26,14:39:53,2005-06-02,14:48:53,2006-02-15 21:30:53
252,253,502,28,1,2005-05-26,14:43:14,2005-05-27,12:21:14,2006-02-15 21:30:53
253,254,162,13,2,2005-05-26,14:43:48,2005-05-31,09:19:48,2006-02-15 21:30:53
254,255,295,59,1,2005-05-26,14:52:15,2005-05-27,12:45:15,2006-02-15 21:30:53
255,256,105,100,1,2005-05-26,15:20:58,2005-05-31,15:58:58,2006-02-15 21:30:53
256,257,531,97,2,2005-05-26,15:27:05,2005-05-29,16:25:05,2006-02-15 21:30:53
257,258,308,52,2,2005-05-26,15:28:14,2005-05-30,18:38:14,2006-02-15 21:30:53
258,259,415,97,2,2005-05-26,15:32:46,2005-06-04,15:27:46,2006-02-15 21:30:53
259,260,132,52,2,2005-05-26,15:42:20,2005-05-31,13:21:20,2006-02-15 21:30:53
260,261,862,26,2,2005-05-26,15:44:23,2005-06-02,09:47:23,2006-02-15 21:30:53
261,262,609,47,2,2005-05-26,15:46:56,2005-05-28,15:49:56,2006-02-15 21:30:53
262,263,307,15,2,2005-05-26,15:47:40,2005-05-30,10:07:40,2006-02-15 21:30:53
263,264,743,59,2,2005-05-26,16:00:49,2005-05-27,10:12:49,2006-02-15 21:30:53
264,265,552,23,1,2005-05-26,16:07:38,2005-06-01,14:20:38,2006-02-15 21:30:53
265,266,652,82,2,2005-05-26,16:08:05,2005-05-27,10:55:05,2006-02-15 21:30:53
266,267,15,30,2,2005-05-26,16:16:21,2005-05-30,16:53:21,2006-02-15 21:30:53
267,268,764,25,1,2005-05-26,16:19:08,2005-05-27,14:35:08,2006-02-15 21:30:53
268,269,832,29,2,2005-05-26,16:19:46,2005-05-27,15:59:46,2006-02-15 21:30:53
269,270,793,77,2,2005-05-26,16:20:56,2005-06-03,12:40:56,2006-02-15 21:30:53
270,271,555,81,2,2005-05-26,16:22:01,2005-06-03,17:30:01,2006-02-15 21:30:53
271,272,264,77,2,2005-05-26,16:27:11,2005-06-03,13:10:11,2006-02-15 21:30:53
272,273,24,58,2,2005-05-26,16:29:36,2005-05-29,18:49:36,2006-02-15 21:30:53
273,274,182,60,1,2005-05-26,16:48:51,2005-06-03,18:17:51,2006-02-15 21:30:53
274,275,206,99,1,2005-05-26,17:09:53,2005-06-04,22:35:53,2006-02-15 21:30:53
275,276,812,86,1,2005-05-26,17:16:07,2005-06-03,12:59:07,2006-02-15 21:30:53
276,277,973,20,1,2005-05-26,17:32:11,2005-05-28,22:54:11,2006-02-15 21:30:53
277,278,830,67,2,2005-05-26,17:40:58,2005-06-02,16:43:58,2006-02-15 21:30:53
278,279,889,13,2,2005-05-26,18:02:50,2005-06-03,18:48:50,2006-02-15 21:30:53
279,280,685,30,1,2005-05-26,18:36:58,2005-05-27,23:42:58,2006-02-15 21:30:53
280,281,557,73,2,2005-05-26,18:49:35,2005-05-27,18:11:35,2006-02-15 21:30:53
281,282,176,38,2,2005-05-26,18:56:26,2005-06-01,16:32:26,2006-02-15 21:30:53
282,283,361,2,1,2005-05-26,19:05:05,2005-05-31,19:19:05,2006-02-15 21:30:53
283,284,793,41,2,2005-05-26,19:21:44,2005-06-04,14:18:44,2006-02-15 21:30:53
284,285,635,72,2,2005-05-26,19:41:40,2005-05-31,16:58:40,2006-02-15 21:30:53
285,286,754,75,2,2005-05-26,19:44:51,2005-06-04,18:00:51,2006-02-15 21:30:53
286,287,59,39,1,2005-05-26,19:44:54,2005-06-02,01:10:54,2006-02-15 21:30:53
287,288,997,74,2,2005-05-26,19:47:49,2005-06-03,20:53:49,2006-02-15 21:30:53
288,289,139,9,1,2005-05-26,20:01:09,2005-05-28,15:09:09,2006-02-15 21:30:53
289,290,783,98,1,2005-05-26,20:08:33,2005-05-30,00:32:33,2006-02-15 21:30:53
290,291,457,10,2,2005-05-26,20:20:47,2005-06-03,02:06:47,2006-02-15 21:30:53
291,292,252,65,1,2005-05-26,20:22:12,2005-06-05,00:58:12,2006-02-15 21:30:53
292,293,18,83,2,2005-05-26,20:27:02,2005-06-03,16:45:02,2006-02-15 21:30:53
293,294,424,43,1,2005-05-26,20:29:57,2005-05-28,17:20:57,2006-02-15 21:30:53
294,295,619,9,2,2005-05-26,20:33:20,2005-05-27,18:23:20,2006-02-15 21:30:53
295,296,841,49,2,2005-05-26,20:35:19,2005-06-04,02:31:19,2006-02-15 21:30:53
296,297,305,61,2,2005-05-26,20:48:48,2005-05-27,19:52:48,2006-02-15 21:30:53
297,298,757,43,2,2005-05-26,20:52:26,2005-05-29,22:08:26,2006-02-15 21:30:53
298,299,204,2,2,2005-05-26,20:55:36,2005-05-28,00:25:36,2006-02-15 21:30:53
299,300,819,37,2,2005-05-26,20:57:00,2005-06-05,01:34:00,2006-02-15 21:30:53
300,301,758,38,2,2005-05-26,21:06:14,2005-06-01,01:54:14,2006-02-15 21:30:53
301,302,320,60,2,2005-05-26,21:13:46,2005-06-03,15:49:46,2006-02-15 21:30:53
302,303,311,47,2,2005-05-26,21:16:52,2005-05-27,23:41:52,2006-02-15 21:30:53
303,304,94,65,1,2005-05-26,21:21:28,2005-06-02,00:05:28,2006-02-15 21:30:53
304,305,122,58,2,2005-05-26,21:22:07,2005-06-02,22:33:07,2006-02-15 21:30:53
305,306,880,50,1,2005-05-26,21:31:57,2005-05-28,19:37:57,2006-02-15 21:30:53
306,307,486,5,1,2005-05-26,21:48:13,2005-06-04,22:24:13,2006-02-15 21:30:53
307,308,899,84,2,2005-05-26,22:01:39,2005-06-04,20:24:39,2006-02-15 21:30:53
308,309,73,63,2,2005-05-26,22:38:10,2005-06-02,03:10:10,2006-02-15 21:30:53
309,310,535,27,1,2005-05-26,22:41:07,2005-06-02,04:09:07,2006-02-15 21:30:53
310,311,293,16,1,2005-05-26,22:51:37,2005-06-01,00:02:37,2006-02-15 21:30:53
311,312,845,75,2,2005-05-26,22:52:19,2005-06-02,18:14:19,2006-02-15 21:30:53
312,313,344,68,2,2005-05-26,22:56:19,2005-05-29,01:29:19,2006-02-15 21:30:53
313,314,300,68,2,2005-05-26,23:09:41,2005-05-28,22:49:41,2006-02-15 21:30:53
314,315,360,24,1,2005-05-26,23:12:55,2005-05-29,23:33:55,2006-02-15 21:30:53
315,316,593,11,2,2005-05-26,23:22:55,2005-05-29,23:25:55,2006-02-15 21:30:53
316,317,132,54,2,2005-05-26,23:23:56,2005-06-01,19:56:56,2006-02-15 21:30:53
317,318,807,35,2,2005-05-26,23:37:39,2005-06-03,04:31:39,2006-02-15 21:30:53
318,319,870,94,1,2005-05-26,23:52:13,2005-05-30,18:55:13,2006-02-15 21:30:53
319,320,201,60,2,2005-05-27,00:09:24,2005-05-28,04:30:24,2006-02-15 21:30:53
320,322,233,6,1,2005-05-27,00:47:35,2005-06-02,00:32:35,2006-02-15 21:30:53
321,323,359,68,1,2005-05-27,00:49:27,2005-05-30,03:12:27,2006-02-15 21:30:53
322,324,639,96,1,2005-05-27,01:00:04,2005-05-30,04:27:04,2006-02-15 21:30:53
323,325,621,29,2,2005-05-27,01:09:55,2005-05-31,07:01:55,2006-02-15 21:30:53
324,326,143,36,2,2005-05-27,01:10:11,2005-06-04,20:25:11,2006-02-15 21:30:53
325,327,745,88,1,2005-05-27,01:18:57,2005-06-04,04:06:57,2006-02-15 21:30:53
326,328,7,51,1,2005-05-27,01:29:31,2005-06-01,02:27:31,2006-02-15 21:30:53
327,329,319,82,2,2005-05-27,01:57:14,2005-05-31,04:19:14,2006-02-15 21:30:53
328,330,679,17,2,2005-05-27,02:15:30,2005-06-04,05:09:30,2006-02-15 21:30:53
329,331,786,90,1,2005-05-27,02:22:26,2005-06-05,00:25:26,2006-02-15 21:30:53
330,332,381,9,2,2005-05-27,02:27:10,2005-06-03,01:26:10,2006-02-15 21:30:53
331,333,717,46,2,2005-05-27,02:52:21,2005-06-01,00:55:21,2006-02-15 21:30:53
332,334,538,68,1,2005-05-27,03:03:07,2005-05-29,03:54:07,2006-02-15 21:30:53
333,335,303,38,2,2005-05-27,03:07:10,2005-06-05,00:15:10,2006-02-15 21:30:53
334,336,936,100,1,2005-05-27,03:15:23,2005-05-29,22:43:23,2006-02-15 21:30:53
335,337,244,14,1,2005-05-27,03:22:30,2005-06-02,03:27:30,2006-02-15 21:30:53
336,338,551,47,2,2005-05-27,03:42:52,2005-06-01,05:23:52,2006-02-15 21:30:53
337,339,859,47,2,2005-05-27,03:47:18,2005-06-04,05:46:18,2006-02-15 21:30:53
338,340,558,95,2,2005-05-27,03:55:25,2005-06-04,07:57:25,2006-02-15 21:30:53
339,341,349,28,1,2005-05-27,04:01:42,2005-06-05,08:51:42,2006-02-15 21:30:53
340,342,797,81,2,2005-05-27,04:11:04,2005-05-29,01:28:04,2006-02-15 21:30:53
341,343,240,6,1,2005-05-27,04:13:41,2005-05-28,08:34:41,2006-02-15 21:30:53
342,344,63,22,2,2005-05-27,04:30:22,2005-05-29,10:13:22,2006-02-15 21:30:53
343,345,797,51,1,2005-05-27,04:32:25,2005-05-31,09:50:25,2006-02-15 21:30:53
344,346,745,10,2,2005-05-27,04:34:41,2005-06-05,04:24:41,2006-02-15 21:30:53
345,347,82,5,2,2005-05-27,04:40:33,2005-05-28,09:56:33,2006-02-15 21:30:53
346,348,288,71,1,2005-05-27,04:50:56,2005-06-01,04:43:56,2006-02-15 21:30:53
347,349,876,2,2,2005-05-27,04:53:11,2005-05-28,06:33:11,2006-02-15 21:30:53
348,350,385,47,2,2005-05-27,05:01:28,2005-06-04,05:01:28,2006-02-15 21:30:53
349,351,532,23,1,2005-05-27,05:39:03,2005-06-01,11:10:03,2006-02-15 21:30:53
350,352,882,81,1,2005-05-27,05:48:19,2005-05-29,09:05:19,2006-02-15 21:30:53
351,353,99,32,2,2005-05-27,06:03:39,2005-06-03,04:39:39,2006-02-15 21:30:53
352,354,2,76,1,2005-05-27,06:12:26,2005-06-01,06:48:26,2006-02-15 21:30:53
353,355,995,59,2,2005-05-27,06:15:33,2005-06-01,02:50:33,2006-02-15 21:30:53
354,356,719,41,2,2005-05-27,06:32:30,2005-05-30,06:24:30,2006-02-15 21:30:53
355,357,874,96,2,2005-05-27,06:37:15,2005-05-30,07:04:15,2006-02-15 21:30:53
356,358,586,99,2,2005-05-27,06:43:59,2005-05-29,11:28:59,2006-02-15 21:30:53
357,359,557,29,1,2005-05-27,06:48:33,2005-05-29,03:55:33,2006-02-15 21:30:53
358,360,359,80,1,2005-05-27,06:51:14,2005-06-03,01:58:14,2006-02-15 21:30:53
359,361,790,52,1,2005-05-27,07:03:28,2005-05-31,08:01:28,2006-02-15 21:30:53
360,362,471,11,1,2005-05-27,07:10:25,2005-06-01,08:34:25,2006-02-15 21:30:53
361,363,239,37,2,2005-05-27,07:14:00,2005-05-28,12:22:00,2006-02-15 21:30:53
362,364,581,18,2,2005-05-27,07:20:12,2005-05-31,10:44:12,2006-02-15 21:30:53
363,365,372,81,1,2005-05-27,07:31:20,2005-06-04,04:46:20,2006-02-15 21:30:53
364,366,594,7,2,2005-05-27,07:33:54,2005-06-04,01:55:54,2006-02-15 21:30:53
365,367,702,7,2,2005-05-27,07:37:02,2005-05-30,05:43:02,2006-02-15 21:30:53
366,368,24,75,2,2005-05-27,07:42:29,2005-06-04,11:20:29,2006-02-15 21:30:53
367,369,334,26,2,2005-05-27,07:46:49,2005-06-01,06:20:49,2006-02-15 21:30:53
368,370,849,89,2,2005-05-27,07:49:43,2005-06-05,06:39:43,2006-02-15 21:30:53
369,371,663,55,2,2005-05-27,08:08:18,2005-06-05,03:05:18,2006-02-15 21:30:53
370,372,933,10,2,2005-05-27,08:13:58,2005-06-04,03:50:58,2006-02-15 21:30:53
371,373,976,15,1,2005-05-27,08:16:25,2005-06-01,11:41:25,2006-02-15 21:30:53
372,374,683,73,1,2005-05-27,08:26:30,2005-06-05,07:13:30,2006-02-15 21:30:53
373,375,324,34,1,2005-05-27,08:49:21,2005-06-04,14:11:21,2006-02-15 21:30:53
374,376,27,57,1,2005-05-27,08:58:15,2005-06-02,04:48:15,2006-02-15 21:30:53
375,377,489,80,2,2005-05-27,09:04:05,2005-06-02,03:36:05,2006-02-15 21:30:53
376,378,120,47,1,2005-05-27,09:23:22,2005-05-29,15:20:22,2006-02-15 21:30:53
377,379,116,17,1,2005-05-27,09:25:32,2005-06-02,06:19:32,2006-02-15 21:30:53
378,380,279,59,1,2005-05-27,09:34:39,2005-06-04,11:45:39,2006-02-15 21:30:53
379,381,920,48,1,2005-05-27,09:43:25,2005-05-31,12:00:25,2006-02-15 21:30:53
380,382,703,52,1,2005-05-27,10:12:00,2005-05-31,15:03:00,2006-02-15 21:30:53
381,383,856,78,1,2005-05-27,10:12:20,2005-06-03,10:37:20,2006-02-15 21:30:53
382,384,40,97,2,2005-05-27,10:18:20,2005-06-02,09:21:20,2006-02-15 21:30:53
383,385,929,77,2,2005-05-27,10:23:25,2005-05-30,15:27:25,2006-02-15 21:30:53
384,386,78,95,1,2005-05-27,10:26:31,2005-05-30,08:32:31,2006-02-15 21:30:53
385,387,202,78,2,2005-05-27,10:35:27,2005-06-01,13:37:27,2006-02-15 21:30:53
386,388,675,27,1,2005-05-27,10:37:27,2005-05-30,05:45:27,2006-02-15 21:30:53
387,389,24,5,2,2005-05-27,10:45:41,2005-06-05,06:22:41,2006-02-15 21:30:53
388,390,861,8,2,2005-05-27,11:02:26,2005-06-02,16:09:26,2006-02-15 21:30:53
389,391,272,61,2,2005-05-27,11:03:55,2005-06-01,11:59:55,2006-02-15 21:30:53
390,392,681,45,2,2005-05-27,11:14:42,2005-06-01,14:28:42,2006-02-15 21:30:53
391,393,189,78,2,2005-05-27,11:18:25,2005-05-28,07:10:25,2006-02-15 21:30:53
392,394,217,59,2,2005-05-27,11:26:11,2005-06-03,16:44:11,2006-02-15 21:30:53
393,395,156,45,1,2005-05-27,11:45:49,2005-05-31,13:42:49,2006-02-15 21:30:53
394,396,415,10,1,2005-05-27,11:47:04,2005-05-29,10:14:04,2006-02-15 21:30:53
395,397,28,97,2,2005-05-27,12:29:02,2005-05-28,17:36:02,2006-02-15 21:30:53
396,398,240,38,1,2005-05-27,12:44:03,2005-06-02,08:19:03,2006-02-15 21:30:53
397,399,709,11,1,2005-05-27,12:48:38,2005-05-29,15:27:38,2006-02-15 21:30:53
398,400,965,84,2,2005-05-27,12:51:44,2005-05-31,08:34:44,2006-02-15 21:30:53
399,401,519,91,2,2005-05-27,12:57:55,2005-05-29,17:55:55,2006-02-15 21:30:53
400,402,900,86,2,2005-05-27,13:17:18,2005-05-30,08:53:18,2006-02-15 21:30:53
401,403,970,89,2,2005-05-27,13:28:52,2005-05-29,11:47:52,2006-02-15 21:30:53
402,404,243,35,1,2005-05-27,13:31:51,2005-05-30,16:58:51,2006-02-15 21:30:53
403,405,102,82,2,2005-05-27,13:32:39,2005-06-05,18:53:39,2006-02-15 21:30:53
404,406,494,19,1,2005-05-27,13:46:46,2005-05-30,12:43:46,2006-02-15 21:30:53
405,407,33,49,1,2005-05-27,13:57:38,2005-05-31,18:23:38,2006-02-15 21:30:53
406,408,34,92,1,2005-05-27,13:57:39,2005-05-28,11:57:39,2006-02-15 21:30:53
407,409,119,65,2,2005-05-27,14:10:58,2005-06-02,10:40:58,2006-02-15 21:30:53
408,410,85,64,2,2005-05-27,14:11:22,2005-06-02,20:06:22,2006-02-15 21:30:53
409,411,939,25,1,2005-05-27,14:14:14,2005-06-03,17:39:14,2006-02-15 21:30:53
410,412,267,98,2,2005-05-27,14:17:23,2005-05-29,15:07:23,2006-02-15 21:30:53
411,413,582,7,1,2005-05-27,14:45:37,2005-06-03,11:11:37,2006-02-15 21:30:53
412,414,771,10,2,2005-05-27,14:48:20,2005-05-31,14:39:20,2006-02-15 21:30:53
413,415,773,14,2,2005-05-27,14:51:45,2005-05-28,19:07:45,2006-02-15 21:30:53
414,416,938,53,2,2005-05-27,15:02:10,2005-05-29,10:34:10,2006-02-15 21:30:53
415,417,133,57,2,2005-05-27,15:07:27,2005-05-29,20:01:27,2006-02-15 21:30:53
416,418,91,5,2,2005-05-27,15:13:17,2005-06-04,12:05:17,2006-02-15 21:30:53
417,419,839,53,1,2005-05-27,15:15:11,2005-06-02,11:53:11,2006-02-15 21:30:53
418,420,816,86,2,2005-05-27,15:19:38,2005-06-03,15:07:38,2006-02-15 21:30:53
419,421,220,85,2,2005-05-27,15:30:13,2005-06-04,13:19:13,2006-02-15 21:30:53
420,422,680,36,2,2005-05-27,15:31:55,2005-06-01,11:47:55,2006-02-15 21:30:53
421,423,986,27,1,2005-05-27,15:32:57,2005-06-02,19:03:57,2006-02-15 21:30:53
422,424,515,64,1,2005-05-27,15:34:01,2005-06-05,09:44:01,2006-02-15 21:30:53
423,425,576,95,2,2005-05-27,15:51:30,2005-06-03,16:52:30,2006-02-15 21:30:53
424,426,695,61,1,2005-05-27,15:56:57,2005-06-05,11:45:57,2006-02-15 21:30:53
425,427,383,54,2,2005-05-27,16:10:04,2005-06-05,13:22:04,2006-02-15 21:30:53
426,428,514,81,2,2005-05-27,16:10:58,2005-05-31,17:24:58,2006-02-15 21:30:53
427,429,142,96,2,2005-05-27,16:21:26,2005-06-05,20:23:26,2006-02-15 21:30:53
428,430,598,100,1,2005-05-27,16:22:10,2005-06-05,13:10:10,2006-02-15 21:30:53
429,431,191,83,1,2005-05-27,16:31:05,2005-06-05,11:29:05,2006-02-15 21:30:53
430,432,906,52,1,2005-05-27,16:40:29,2005-05-29,16:20:29,2006-02-15 21:30:53
431,433,299,81,2,2005-05-27,16:40:40,2005-05-30,19:55:40,2006-02-15 21:30:53
432,434,112,65,1,2005-05-27,16:54:27,2005-06-04,22:26:27,2006-02-15 21:30:53
433,435,230,18,2,2005-05-27,17:17:09,2005-06-02,11:20:09,2006-02-15 21:30:53
434,436,385,98,2,2005-05-27,17:21:04,2005-05-30,21:26:04,2006-02-15 21:30:53
435,437,762,91,2,2005-05-27,17:47:22,2005-06-05,14:22:22,2006-02-15 21:30:53
436,438,574,96,2,2005-05-27,17:52:34,2005-06-05,22:23:34,2006-02-15 21:30:53
437,439,729,84,2,2005-05-27,17:54:48,2005-06-02,23:01:48,2006-02-15 21:30:53
438,440,937,14,1,2005-05-27,18:00:35,2005-05-29,16:15:35,2006-02-15 21:30:53
439,441,170,24,1,2005-05-27,18:11:05,2005-05-30,22:45:05,2006-02-15 21:30:53
440,442,116,5,2,2005-05-27,18:12:13,2005-05-30,12:30:13,2006-02-15 21:30:53
441,443,178,35,1,2005-05-27,18:35:20,2005-06-04,18:58:20,2006-02-15 21:30:53
442,444,209,80,1,2005-05-27,18:39:15,2005-06-01,15:56:15,2006-02-15 21:30:53
443,445,471,47,2,2005-05-27,18:42:57,2005-05-30,22:35:57,2006-02-15 21:30:53
444,446,856,2,2,2005-05-27,18:48:41,2005-06-03,16:42:41,2006-02-15 21:30:53
445,447,248,88,1,2005-05-27,18:57:02,2005-06-05,18:38:02,2006-02-15 21:30:53
446,448,785,61,2,2005-05-27,19:03:08,2005-06-03,20:28:08,2006-02-15 21:30:53
447,449,154,76,2,2005-05-27,19:13:15,2005-06-04,01:08:15,2006-02-15 21:30:53
448,450,549,72,1,2005-05-27,19:18:54,2005-06-05,23:52:54,2006-02-15 21:30:53
449,451,273,73,2,2005-05-27,19:27:54,2005-05-29,01:07:54,2006-02-15 21:30:53
450,452,541,73,2,2005-05-27,19:30:33,2005-05-30,20:53:33,2006-02-15 21:30:53
451,453,113,29,1,2005-05-27,19:31:16,2005-05-29,23:06:16,2006-02-15 21:30:53
452,454,878,25,1,2005-05-27,19:31:36,2005-05-30,15:46:36,2006-02-15 21:30:53
453,455,760,43,2,2005-05-27,19:43:29,2005-06-04,23:40:29,2006-02-15 21:30:53
454,456,36,45,1,2005-05-27,19:50:06,2005-06-02,22:14:06,2006-02-15 21:30:53
455,457,204,43,2,2005-05-27,19:52:29,2005-06-02,17:17:29,2006-02-15 21:30:53
456,458,449,35,1,2005-05-27,19:58:36,2005-06-06,00:51:36,2006-02-15 21:30:53
457,459,164,16,1,2005-05-27,20:00:04,2005-05-29,22:47:04,2006-02-15 21:30:53
458,460,745,7,1,2005-05-27,20:02:03,2005-05-28,16:14:03,2006-02-15 21:30:53
459,461,347,63,1,2005-05-27,20:08:55,2005-06-01,14:32:55,2006-02-15 21:30:53
460,462,943,4,2,2005-05-27,20:10:36,2005-06-03,21:12:36,2006-02-15 21:30:53
461,463,505,37,1,2005-05-27,20:11:47,2005-06-04,21:18:47,2006-02-15 21:30:53
462,464,178,17,2,2005-05-27,20:42:44,2005-05-30,00:49:44,2006-02-15 21:30:53
463,465,423,29,1,2005-05-27,20:44:36,2005-06-02,02:43:36,2006-02-15 21:30:53
464,466,429,75,1,2005-05-27,20:57:07,2005-05-29,15:52:07,2006-02-15 21:30:53
465,467,750,98,1,2005-05-27,21:10:03,2005-06-01,16:08:03,2006-02-15 21:30:53
466,468,64,50,2,2005-05-27,21:13:10,2005-06-04,15:26:10,2006-02-15 21:30:53
467,469,498,17,1,2005-05-27,21:14:26,2005-06-05,21:51:26,2006-02-15 21:30:53
468,470,613,86,1,2005-05-27,21:17:08,2005-06-04,17:47:08,2006-02-15 21:30:53
469,471,155,82,2,2005-05-27,21:32:42,2005-05-31,00:39:42,2006-02-15 21:30:53
470,472,730,34,1,2005-05-27,21:36:15,2005-05-29,21:07:15,2006-02-15 21:30:53
471,473,206,72,1,2005-05-27,21:36:34,2005-06-05,17:02:34,2006-02-15 21:30:53
472,474,214,37,1,2005-05-27,22:11:56,2005-05-31,19:07:56,2006-02-15 21:30:53
473,475,679,65,1,2005-05-27,22:16:26,2005-05-28,19:58:26,2006-02-15 21:30:53
474,476,946,85,1,2005-05-27,22:31:36,2005-06-03,19:12:36,2006-02-15 21:30:53
475,477,615,78,2,2005-05-27,22:33:33,2005-06-02,18:35:33,2006-02-15 21:30:53
476,478,525,87,2,2005-05-27,22:38:20,2005-05-31,18:39:20,2006-02-15 21:30:53
477,479,325,44,2,2005-05-27,22:39:10,2005-06-05,22:46:10,2006-02-15 21:30:53
478,480,502,68,2,2005-05-27,22:47:39,2005-06-04,21:17:39,2006-02-15 21:30:53
479,481,634,70,2,2005-05-27,22:49:27,2005-05-30,17:46:27,2006-02-15 21:30:53
480,482,574,77,2,2005-05-27,22:53:02,2005-06-01,22:53:02,2006-02-15 21:30:53
481,483,228,75,1,2005-05-27,23:00:25,2005-05-28,21:30:25,2006-02-15 21:30:53
482,484,214,2,2,2005-05-27,23:26:45,2005-05-29,21:16:45,2006-02-15 21:30:53
483,485,828,52,2,2005-05-27,23:40:52,2005-05-28,22:40:52,2006-02-15 21:30:53
484,486,508,91,1,2005-05-27,23:51:12,2005-05-28,20:26:12,2006-02-15 21:30:53
485,487,565,11,2,2005-05-28,00:00:30,2005-05-28,19:18:30,2006-02-15 21:30:53
486,488,506,64,2,2005-05-28,00:07:50,2005-06-03,22:30:50,2006-02-15 21:30:53
487,489,183,39,2,2005-05-28,00:09:12,2005-05-31,04:44:12,2006-02-15 21:30:53
488,490,407,7,2,2005-05-28,00:09:56,2005-05-30,22:32:56,2006-02-15 21:30:53
489,491,233,11,2,2005-05-28,00:13:35,2005-05-29,00:11:35,2006-02-15 21:30:53
490,492,13,65,1,2005-05-28,00:24:58,2005-05-28,22:34:58,2006-02-15 21:30:53
491,493,342,81,1,2005-05-28,00:34:11,2005-05-30,18:40:11,2006-02-15 21:30:53
492,494,395,39,1,2005-05-28,00:39:31,2005-06-02,19:35:31,2006-02-15 21:30:53
493,495,137,68,1,2005-05-28,00:40:48,2005-05-29,06:07:48,2006-02-15 21:30:53
494,496,615,1,1,2005-05-28,00:43:41,2005-06-04,03:56:41,2006-02-15 21:30:53
495,497,38,97,2,2005-05-28,00:54:39,2005-06-03,20:47:39,2006-02-15 21:30:53
496,498,281,17,2,2005-05-28,01:01:21,2005-05-30,21:20:21,2006-02-15 21:30:53
497,499,592,85,2,2005-05-28,01:05:07,2005-06-05,19:54:07,2006-02-15 21:30:53
498,500,566,77,1,2005-05-28,01:05:25,2005-05-31,20:04:25,2006-02-15 21:30:53
499,501,381,48,2,2005-05-28,01:09:36,2005-05-30,06:14:36,2006-02-15 21:30:53
500,502,771,3,2,2005-05-28,01:34:43,2005-05-31,01:02:43,2006-02-15 21:30:53
501,503,785,85,2,2005-05-28,01:35:25,2005-05-28,22:12:25,2006-02-15 21:30:53
502,504,518,70,1,2005-05-28,02:05:34,2005-05-30,23:03:34,2006-02-15 21:30:53
503,505,355,89,1,2005-05-28,02:06:37,2005-05-29,06:57:37,2006-02-15 21:30:53
504,506,902,8,1,2005-05-28,02:09:19,2005-06-05,20:34:19,2006-02-15 21:30:53
505,507,654,89,2,2005-05-28,02:31:19,2005-06-02,05:07:19,2006-02-15 21:30:53
506,508,933,48,1,2005-05-28,02:40:50,2005-06-05,03:05:50,2006-02-15 21:30:53
507,509,478,20,1,2005-05-28,02:51:12,2005-05-31,06:27:12,2006-02-15 21:30:53
508,510,657,30,2,2005-05-28,02:52:14,2005-05-30,21:20:14,2006-02-15 21:30:53
509,511,125,73,1,2005-05-28,03:04:04,2005-06-03,04:58:04,2006-02-15 21:30:53
510,512,677,3,2,2005-05-28,03:07:50,2005-06-05,02:12:50,2006-02-15 21:30:53
511,513,725,7,1,2005-05-28,03:08:10,2005-05-29,07:22:10,2006-02-15 21:30:53
512,514,15,45,2,2005-05-28,03:09:28,2005-06-05,00:49:28,2006-02-15 21:30:53
513,515,653,19,2,2005-05-28,03:10:10,2005-06-04,02:18:10,2006-02-15 21:30:53
514,516,676,95,1,2005-05-28,03:11:47,2005-06-04,02:19:47,2006-02-15 21:30:53
515,517,281,21,1,2005-05-28,03:17:57,2005-05-29,06:33:57,2006-02-15 21:30:53
516,518,842,29,1,2005-05-28,03:18:02,2005-05-30,05:32:02,2006-02-15 21:30:53
517,519,688,36,1,2005-05-28,03:22:33,2005-06-03,05:06:33,2006-02-15 21:30:53
518,520,474,32,1,2005-05-28,03:27:37,2005-06-04,05:47:37,2006-02-15 21:30:53
519,521,471,6,1,2005-05-28,03:32:22,2005-05-28,22:37:22,2006-02-15 21:30:53
520,522,210,62,1,2005-05-28,03:33:20,2005-05-31,04:23:20,2006-02-15 21:30:53
521,523,222,31,2,2005-05-28,03:53:26,2005-05-31,05:58:26,2006-02-15 21:30:53
522,524,720,76,1,2005-05-28,03:57:28,2005-05-31,05:20:28,2006-02-15 21:30:53
523,525,519,18,1,2005-05-28,04:25:33,2005-06-06,04:18:33,2006-02-15 21:30:53
524,526,929,43,1,2005-05-28,04:27:37,2005-05-30,07:52:37,2006-02-15 21:30:53
525,527,24,84,1,2005-05-28,04:28:38,2005-06-02,08:19:38,2006-02-15 21:30:53
526,528,520,39,2,2005-05-28,04:30:05,2005-06-03,10:01:05,2006-02-15 21:30:53
527,529,629,56,1,2005-05-28,04:34:17,2005-05-30,00:35:17,2006-02-15 21:30:53
528,530,470,86,2,2005-05-28,05:13:01,2005-06-01,10:21:01,2006-02-15 21:30:53
529,531,710,2,2,2005-05-28,05:23:38,2005-05-29,08:00:38,2006-02-15 21:30:53
530,532,387,58,1,2005-05-28,05:36:58,2005-06-02,01:50:58,2006-02-15 21:30:53
531,533,638,56,2,2005-05-28,06:14:46,2005-06-01,06:26:46,2006-02-15 21:30:53
532,534,411,90,1,2005-05-28,06:15:25,2005-06-06,07:51:25,2006-02-15 21:30:53
533,535,109,99,1,2005-05-28,06:16:32,2005-05-31,02:48:32,2006-02-15 21:30:53
534,536,689,84,2,2005-05-28,06:17:33,2005-06-03,10:02:33,2006-02-15 21:30:53
535,537,341,86,2,2005-05-28,06:20:55,2005-06-05,11:48:55,2006-02-15 21:30:53
536,538,565,5,2,2005-05-28,06:21:05,2005-06-02,01:22:05,2006-02-15 21:30:53
537,539,966,74,1,2005-05-28,06:26:16,2005-05-30,02:02:16,2006-02-15 21:30:53
538,540,378,44,1,2005-05-28,06:40:25,2005-06-06,00:47:25,2006-02-15 21:30:53
539,541,545,87,2,2005-05-28,06:41:58,2005-06-02,09:12:58,2006-02-15 21:30:53
540,542,585,40,1,2005-05-28,06:42:13,2005-06-03,09:05:13,2006-02-15 21:30:53
541,543,19,77,2,2005-05-28,06:43:34,2005-06-06,07:16:34,2006-02-15 21:30:53
542,544,93,41,1,2005-05-28,07:03:00,2005-06-06,06:23:00,2006-02-15 21:30:53
543,545,163,37,2,2005-05-28,07:10:20,2005-06-04,01:47:20,2006-02-15 21:30:53
544,546,979,53,1,2005-05-28,07:16:25,2005-06-01,08:36:25,2006-02-15 21:30:53
545,547,825,23,2,2005-05-28,07:24:28,2005-06-06,01:31:28,2006-02-15 21:30:53
546,548,820,60,2,2005-05-28,07:34:56,2005-06-05,03:14:56,2006-02-15 21:30:53
547,549,614,65,1,2005-05-28,07:35:37,2005-06-02,09:08:37,2006-02-15 21:30:53
548,550,772,42,2,2005-05-28,07:39:16,2005-06-06,12:20:16,2006-02-15 21:30:53
549,551,8,69,2,2005-05-28,07:44:18,2005-06-02,12:55:18,2006-02-15 21:30:53
550,552,248,32,2,2005-05-28,07:53:38,2005-06-04,12:45:38,2006-02-15 21:30:53
551,553,612,4,2,2005-05-28,08:14:44,2005-06-02,03:01:44,2006-02-15 21:30:53
552,554,917,50,2,2005-05-28,08:23:16,2005-05-31,03:29:16,2006-02-15 21:30:53
553,555,966,86,2,2005-05-28,08:31:14,2005-05-30,07:34:14,2006-02-15 21:30:53
554,556,422,60,2,2005-05-28,08:31:36,2005-06-06,07:29:36,2006-02-15 21:30:53
555,557,88,13,2,2005-05-28,08:36:22,2005-06-03,10:42:22,2006-02-15 21:30:53
556,558,867,13,1,2005-05-28,08:38:43,2005-06-06,13:52:43,2006-02-15 21:30:53
557,559,230,40,2,2005-05-28,08:39:02,2005-06-05,08:38:02,2006-02-15 21:30:53
558,560,714,12,2,2005-05-28,08:53:02,2005-06-04,12:27:02,2006-02-15 21:30:53
559,561,547,43,1,2005-05-28,08:54:06,2005-06-05,05:54:06,2006-02-15 21:30:53
560,562,848,44,2,2005-05-28,09:01:21,2005-06-02,05:26:21,2006-02-15 21:30:53
561,563,812,48,1,2005-05-28,09:10:49,2005-06-06,11:32:49,2006-02-15 21:30:53
562,564,976,7,1,2005-05-28,09:12:09,2005-05-29,05:07:09,2006-02-15 21:30:53
563,565,723,89,1,2005-05-28,09:26:31,2005-06-01,07:28:31,2006-02-15 21:30:53
564,566,148,24,1,2005-05-28,09:51:39,2005-06-05,09:35:39,2006-02-15 21:30:53
565,567,35,23,2,2005-05-28,09:56:20,2005-06-01,06:41:20,2006-02-15 21:30:53
566,568,686,31,1,2005-05-28,09:57:36,2005-05-31,15:44:36,2006-02-15 21:30:53
567,569,697,38,2,2005-05-28,10:12:41,2005-06-03,10:08:41,2006-02-15 21:30:53
568,570,437,3,1,2005-05-28,10:15:04,2005-05-30,08:32:04,2006-02-15 21:30:53
569,571,766,18,1,2005-05-28,10:17:41,2005-06-05,07:56:41,2006-02-15 21:30:53
570,572,731,96,2,2005-05-28,10:30:13,2005-06-02,05:04:13,2006-02-15 21:30:53
571,573,306,84,1,2005-05-28,10:35:23,2005-06-03,06:32:23,2006-02-15 21:30:53
572,574,889,39,1,2005-05-28,10:44:28,2005-06-04,11:42:28,2006-02-15 21:30:53
573,575,909,92,1,2005-05-28,10:56:09,2005-06-05,15:39:09,2006-02-15 21:30:53
574,576,59,37,2,2005-05-28,10:56:10,2005-06-04,13:15:10,2006-02-15 21:30:53
575,577,264,39,2,2005-05-28,11:09:14,2005-06-01,13:27:14,2006-02-15 21:30:53
576,578,319,86,1,2005-05-28,11:15:48,2005-06-02,09:59:48,2006-02-15 21:30:53
577,579,84,83,1,2005-05-28,11:19:23,2005-06-02,13:51:23,2006-02-15 21:30:53
578,580,959,21,2,2005-05-28,11:19:53,2005-06-01,10:44:53,2006-02-15 21:30:53
579,581,19,57,2,2005-05-28,11:20:29,2005-06-04,12:37:29,2006-02-15 21:30:53
580,582,427,39,1,2005-05-28,11:33:46,2005-05-29,08:33:46,2006-02-15 21:30:53
581,583,270,71,2,2005-05-28,11:48:55,2005-06-04,07:09:55,2006-02-15 21:30:53
582,584,231,3,1,2005-05-28,11:49:00,2005-06-01,11:54:00,2006-02-15 21:30:53
583,585,32,27,2,2005-05-28,11:50:45,2005-06-03,15:35:45,2006-02-15 21:30:53
584,586,481,25,1,2005-05-28,12:03:00,2005-05-29,13:16:00,2006-02-15 21:30:53
585,587,475,70,2,2005-05-28,12:05:33,2005-05-30,13:45:33,2006-02-15 21:30:53
586,588,790,27,2,2005-05-28,12:08:37,2005-05-29,16:25:37,2006-02-15 21:30:53
587,589,57,88,2,2005-05-28,12:27:50,2005-06-03,07:15:50,2006-02-15 21:30:53
588,590,917,83,1,2005-05-28,13:06:50,2005-06-02,09:18:50,2006-02-15 21:30:53
589,591,882,32,2,2005-05-28,13:11:04,2005-05-29,17:20:04,2006-02-15 21:30:53
590,592,257,10,1,2005-05-28,13:21:08,2005-05-29,16:55:08,2006-02-15 21:30:53
591,593,818,3,2,2005-05-28,13:33:23,2005-05-30,17:10:23,2006-02-15 21:30:53
592,594,769,28,1,2005-05-28,13:41:56,2005-05-30,12:00:56,2006-02-15 21:30:53
593,595,603,21,1,2005-05-28,13:59:54,2005-06-05,15:16:54,2006-02-15 21:30:53
594,596,441,18,1,2005-05-28,14:00:03,2005-05-29,17:10:03,2006-02-15 21:30:53
595,597,749,33,2,2005-05-28,14:01:02,2005-06-06,19:06:02,2006-02-15 21:30:53
596,598,734,35,2,2005-05-28,14:04:50,2005-06-03,18:00:50,2006-02-15 21:30:53
597,599,567,77,2,2005-05-28,14:05:57,2005-06-01,16:41:57,2006-02-15 21:30:53
598,600,180,97,2,2005-05-28,14:08:19,2005-06-03,11:57:19,2006-02-15 21:30:53
599,601,279,20,1,2005-05-28,14:08:22,2005-06-04,10:50:22,2006-02-15 21:30:53
600,602,741,1,2,2005-05-28,14:15:54,2005-06-05,15:16:54,2006-02-15 21:30:53
601,603,707,84,1,2005-05-28,14:27:51,2005-05-29,13:13:51,2006-02-15 21:30:53
602,604,273,34,2,2005-05-28,14:37:07,2005-06-03,11:03:07,2006-02-15 21:30:53
603,605,547,52,2,2005-05-28,14:39:10,2005-06-01,09:28:10,2006-02-15 21:30:53
604,606,226,33,2,2005-05-28,14:48:39,2005-06-04,09:44:39,2006-02-15 21:30:53
605,607,585,16,2,2005-05-28,15:02:41,2005-05-30,12:54:41,2006-02-15 21:30:53
606,608,649,100,2,2005-05-28,15:03:44,2005-06-04,17:14:44,2006-02-15 21:30:53
607,609,734,63,2,2005-05-28,15:04:02,2005-06-05,14:47:02,2006-02-15 21:30:53
608,610,166,82,2,2005-05-28,15:15:25,2005-06-02,12:30:25,2006-02-15 21:30:53
609,611,144,6,2,2005-05-28,15:18:18,2005-05-31,20:15:18,2006-02-15 21:30:53
610,612,544,57,2,2005-05-28,15:24:54,2005-05-30,14:22:54,2006-02-15 21:30:53
611,613,814,32,1,2005-05-28,15:27:22,2005-06-02,20:01:22,2006-02-15 21:30:53
612,614,308,43,2,2005-05-28,15:33:28,2005-06-04,12:27:28,2006-02-15 21:30:53
613,615,965,85,2,2005-05-28,15:35:52,2005-06-03,17:35:52,2006-02-15 21:30:53
614,616,206,95,1,2005-05-28,15:45:39,2005-06-02,09:55:39,2006-02-15 21:30:53
615,617,81,44,2,2005-05-28,15:49:14,2005-05-31,14:29:14,2006-02-15 21:30:53
616,618,363,60,1,2005-05-28,15:50:07,2005-06-01,19:45:07,2006-02-15 21:30:53
617,619,688,28,2,2005-05-28,15:52:26,2005-06-06,17:55:26,2006-02-15 21:30:53
618,620,989,86,1,2005-05-28,15:54:45,2005-06-04,20:26:45,2006-02-15 21:30:53
619,621,947,71,1,2005-05-28,15:58:12,2005-05-30,21:54:12,2006-02-15 21:30:53
620,622,682,28,1,2005-05-28,15:58:22,2005-06-04,10:13:22,2006-02-15 21:30:53
621,623,554,43,1,2005-05-28,16:01:28,2005-05-30,11:19:28,2006-02-15 21:30:53
622,624,837,14,1,2005-05-28,16:13:22,2005-06-06,20:35:22,2006-02-15 21:30:53
623,625,754,81,1,2005-05-28,16:35:46,2005-06-01,14:19:46,2006-02-15 21:30:53
624,626,44,42,2,2005-05-28,16:58:09,2005-06-01,14:02:09,2006-02-15 21:30:53
625,627,921,51,2,2005-05-28,17:04:43,2005-06-04,19:58:43,2006-02-15 21:30:53
626,628,224,49,2,2005-05-28,17:05:46,2005-06-06,16:29:46,2006-02-15 21:30:53
627,629,755,10,2,2005-05-28,17:19:15,2005-06-02,20:01:15,2006-02-15 21:30:53
628,630,236,42,2,2005-05-28,17:24:51,2005-06-05,20:05:51,2006-02-15 21:30:53
629,631,500,50,2,2005-05-28,17:36:32,2005-06-03,14:56:32,2006-02-15 21:30:53
630,632,725,67,1,2005-05-28,17:37:50,2005-06-03,16:04:50,2006-02-15 21:30:53
631,633,44,47,2,2005-05-28,17:37:59,2005-06-03,22:49:59,2006-02-15 21:30:53
632,634,832,71,2,2005-05-28,17:40:35,2005-06-05,16:18:35,2006-02-15 21:30:53
633,635,850,59,1,2005-05-28,17:46:57,2005-06-06,18:24:57,2006-02-15 21:30:53
634,636,452,89,1,2005-05-28,17:47:58,2005-06-04,16:32:58,2006-02-15 21:30:53
635,637,449,42,2,2005-05-28,18:14:29,2005-05-29,23:48:29,2006-02-15 21:30:53
636,638,282,100,2,2005-05-28,18:24:43,2005-06-02,19:03:43,2006-02-15 21:30:53
637,639,840,16,1,2005-05-28,18:25:02,2005-05-29,18:22:02,2006-02-15 21:30:53
638,640,183,72,1,2005-05-28,18:43:26,2005-05-30,13:39:26,2006-02-15 21:30:53
639,641,665,95,1,2005-05-28,18:45:47,2005-06-04,15:24:47,2006-02-15 21:30:53
640,642,431,19,2,2005-05-28,18:49:12,2005-06-01,20:50:12,2006-02-15 21:30:53
641,643,516,55,2,2005-05-28,18:52:11,2005-05-31,15:15:11,2006-02-15 21:30:53
642,644,21,70,1,2005-05-28,18:59:12,2005-06-04,18:06:12,2006-02-15 21:30:53
643,645,111,84,1,2005-05-28,19:14:09,2005-06-05,14:01:09,2006-02-15 21:30:53
644,646,847,91,2,2005-05-28,19:16:14,2005-05-31,16:50:14,2006-02-15 21:30:53
645,647,347,75,1,2005-05-28,19:22:52,2005-06-01,00:10:52,2006-02-15 21:30:53
646,648,330,95,2,2005-05-28,19:25:54,2005-06-03,15:57:54,2006-02-15 21:30:53
647,649,428,58,1,2005-05-28,19:35:45,2005-06-05,16:00:45,2006-02-15 21:30:53
648,650,545,43,1,2005-05-28,19:45:40,2005-05-29,21:02:40,2006-02-15 21:30:53
649,651,864,69,1,2005-05-28,19:46:50,2005-05-30,16:29:50,2006-02-15 21:30:53
650,652,705,64,2,2005-05-28,20:08:47,2005-05-29,14:57:47,2006-02-15 21:30:53
651,653,866,18,2,2005-05-28,20:12:20,2005-06-04,14:44:20,2006-02-15 21:30:53
652,654,394,11,2,2005-05-28,20:15:30,2005-05-30,22:02:30,2006-02-15 21:30:53
653,655,300,16,2,2005-05-28,20:16:20,2005-05-31,16:46:20,2006-02-15 21:30:53
654,656,70,6,1,2005-05-28,20:18:24,2005-05-30,16:19:24,2006-02-15 21:30:53
655,657,510,97,1,2005-05-28,20:23:09,2005-06-01,02:11:09,2006-02-15 21:30:53
656,658,949,68,2,2005-05-28,20:23:23,2005-06-06,19:31:23,2006-02-15 21:30:53
657,659,410,42,2,2005-05-28,20:27:53,2005-05-31,01:36:53,2006-02-15 21:30:53
658,660,266,59,1,2005-05-28,20:53:31,2005-05-30,15:26:31,2006-02-15 21:30:53
659,661,473,91,2,2005-05-28,21:01:25,2005-06-02,01:22:25,2006-02-15 21:30:53
660,662,335,6,2,2005-05-28,21:09:31,2005-06-01,19:00:31,2006-02-15 21:30:53
661,663,554,92,2,2005-05-28,21:23:02,2005-06-02,17:39:02,2006-02-15 21:30:53
662,664,47,31,2,2005-05-28,21:31:08,2005-06-02,20:56:08,2006-02-15 21:30:53
663,665,681,90,1,2005-05-28,21:38:39,2005-05-29,21:37:39,2006-02-15 21:30:53
664,666,522,89,2,2005-05-28,21:48:51,2005-06-05,16:45:51,2006-02-15 21:30:53
665,667,44,72,1,2005-05-28,21:49:02,2005-05-31,03:07:02,2006-02-15 21:30:53
666,668,352,29,1,2005-05-28,21:54:45,2005-05-29,22:32:45,2006-02-15 21:30:53
667,669,436,16,1,2005-05-28,22:03:25,2005-06-03,03:39:25,2006-02-15 21:30:53
668,670,78,50,2,2005-05-28,22:04:03,2005-06-06,22:43:03,2006-02-15 21:30:53
669,671,191,71,2,2005-05-28,22:04:30,2005-06-03,01:21:30,2006-02-15 21:30:53
670,672,928,5,2,2005-05-28,22:05:29,2005-06-06,02:10:29,2006-02-15 21:30:53
671,673,908,98,1,2005-05-28,22:07:30,2005-06-01,23:42:30,2006-02-15 21:30:53
672,674,449,66,2,2005-05-28,22:11:35,2005-06-01,23:58:35,2006-02-15 21:30:53
673,675,161,21,2,2005-05-28,22:22:44,2005-06-01,02:57:44,2006-02-15 21:30:53
674,676,356,2,2,2005-05-28,22:27:51,2005-05-29,20:36:51,2006-02-15 21:30:53
675,677,794,77,2,2005-05-28,23:00:08,2005-06-05,19:11:08,2006-02-15 21:30:53
676,678,792,74,2,2005-05-28,23:15:48,2005-06-03,04:43:48,2006-02-15 21:30:53
677,679,683,39,2,2005-05-28,23:24:57,2005-06-06,21:59:57,2006-02-15 21:30:53
678,680,27,4,2,2005-05-28,23:27:26,2005-06-02,02:28:26,2006-02-15 21:30:53
679,681,986,27,1,2005-05-28,23:39:44,2005-06-01,01:42:44,2006-02-15 21:30:53
680,682,719,53,2,2005-05-28,23:53:18,2005-05-29,19:14:18,2006-02-15 21:30:53
681,683,153,30,1,2005-05-29,00:09:48,2005-06-02,04:27:48,2006-02-15 21:30:53
682,684,533,97,2,2005-05-29,00:13:15,2005-06-04,21:26:15,2006-02-15 21:30:53
683,685,754,18,2,2005-05-29,00:17:51,2005-06-05,05:32:51,2006-02-15 21:30:53
684,686,959,84,1,2005-05-29,00:27:10,2005-05-30,02:29:10,2006-02-15 21:30:53
685,687,316,55,1,2005-05-29,00:32:09,2005-05-31,23:53:09,2006-02-15 21:30:53
686,688,830,59,1,2005-05-29,00:45:24,2005-06-02,01:30:24,2006-02-15 21:30:53
687,689,195,51,2,2005-05-29,00:46:53,2005-06-03,23:48:53,2006-02-15 21:30:53
688,690,451,62,1,2005-05-29,00:54:53,2005-06-06,00:45:53,2006-02-15 21:30:53
689,691,171,79,1,2005-05-29,01:01:26,2005-06-07,06:21:26,2006-02-15 21:30:53
690,692,309,20,2,2005-05-29,01:32:10,2005-06-02,03:54:10,2006-02-15 21:30:53
691,693,24,53,2,2005-05-29,01:42:31,2005-06-03,02:29:31,2006-02-15 21:30:53
692,694,131,10,1,2005-05-29,01:49:43,2005-06-05,06:52:43,2006-02-15 21:30:53
693,695,111,6,1,2005-05-29,01:50:53,2005-06-03,02:28:53,2006-02-15 21:30:53
694,696,894,33,1,2005-05-29,01:59:10,2005-06-01,02:45:10,2006-02-15 21:30:53
695,697,523,7,2,2005-05-29,02:04:04,2005-06-04,00:47:04,2006-02-15 21:30:53
696,698,821,39,1,2005-05-29,02:10:52,2005-06-01,21:52:52,2006-02-15 21:30:53
697,699,745,76,2,2005-05-29,02:11:44,2005-06-04,20:23:44,2006-02-15 21:30:53
698,700,328,81,1,2005-05-29,02:18:54,2005-05-30,05:54:54,2006-02-15 21:30:53
699,701,646,85,1,2005-05-29,02:26:27,2005-06-03,04:59:27,2006-02-15 21:30:53
700,702,684,54,2,2005-05-29,02:27:30,2005-05-30,01:52:30,2006-02-15 21:30:53
701,703,344,2,2,2005-05-29,02:29:36,2005-06-03,04:54:36,2006-02-15 21:30:53
702,704,800,39,2,2005-05-29,02:44:43,2005-06-06,01:51:43,2006-02-15 21:30:53
703,705,628,40,1,2005-05-29,02:48:52,2005-05-30,06:21:52,2006-02-15 21:30:53
704,706,223,89,1,2005-05-29,03:05:49,2005-06-04,22:48:49,2006-02-15 21:30:53
705,707,554,30,1,2005-05-29,03:18:19,2005-05-30,02:45:19,2006-02-15 21:30:53
706,708,435,46,2,2005-05-29,03:23:47,2005-05-31,21:27:47,2006-02-15 21:30:53
707,709,428,51,1,2005-05-29,03:48:01,2005-06-06,05:21:01,2006-02-15 21:30:53
708,710,68,16,1,2005-05-29,03:48:36,2005-06-03,05:03:36,2006-02-15 21:30:53
709,711,137,80,2,2005-05-29,03:49:03,2005-05-31,08:29:03,2006-02-15 21:30:53
710,712,800,88,2,2005-05-29,04:02:24,2005-05-30,03:09:24,2006-02-15 21:30:53
711,713,229,41,1,2005-05-29,04:10:17,2005-06-07,07:13:17,2006-02-15 21:30:53
712,714,144,77,2,2005-05-29,04:15:21,2005-06-01,23:05:21,2006-02-15 21:30:53
713,715,899,45,1,2005-05-29,04:22:41,2005-06-05,09:28:41,2006-02-15 21:30:53
714,716,283,40,2,2005-05-29,04:35:29,2005-06-01,07:42:29,2006-02-15 21:30:53
715,717,440,72,2,2005-05-29,04:37:44,2005-05-30,05:48:44,2006-02-15 21:30:53
716,718,156,79,1,2005-05-29,04:52:23,2005-06-02,02:27:23,2006-02-15 21:30:53
717,719,642,91,2,2005-05-29,05:16:05,2005-06-01,07:53:05,2006-02-15 21:30:53
718,720,937,41,2,2005-05-29,05:17:30,2005-06-06,02:47:30,2006-02-15 21:30:53
719,721,301,76,1,2005-05-29,05:28:47,2005-05-31,11:24:47,2006-02-15 21:30:53
720,722,346,72,1,2005-05-29,05:30:31,2005-06-06,04:51:31,2006-02-15 21:30:53
721,723,310,82,1,2005-05-29,05:34:44,2005-05-30,05:50:44,2006-02-15 21:30:53
722,724,165,86,2,2005-05-29,05:53:23,2005-06-05,04:01:23,2006-02-15 21:30:53
723,725,84,66,2,2005-05-29,06:03:41,2005-06-03,08:52:41,2006-02-15 21:30:53
724,726,611,93,2,2005-05-29,06:05:29,2005-06-05,04:40:29,2006-02-15 21:30:53
725,727,827,53,1,2005-05-29,06:08:15,2005-05-30,07:16:15,2006-02-15 21:30:53
726,728,321,73,1,2005-05-29,06:12:38,2005-06-03,07:41:38,2006-02-15 21:30:53
727,729,736,1,2,2005-05-29,06:35:13,2005-06-04,03:23:13,2006-02-15 21:30:53
728,730,976,6,1,2005-05-29,07:00:59,2005-06-06,01:17:59,2006-02-15 21:30:53
729,731,508,77,1,2005-05-29,07:25:16,2005-05-30,05:21:16,2006-02-15 21:30:53
730,732,55,60,2,2005-05-29,07:32:51,2005-05-30,10:08:51,2006-02-15 21:30:53
731,733,381,32,1,2005-05-29,07:35:21,2005-06-05,09:14:21,2006-02-15 21:30:53
732,734,340,96,2,2005-05-29,07:38:52,2005-06-03,10:17:52,2006-02-15 21:30:53
733,735,633,63,1,2005-05-29,08:08:13,2005-06-07,13:35:13,2006-02-15 21:30:53
734,736,143,69,2,2005-05-29,08:10:07,2005-06-05,10:21:07,2006-02-15 21:30:53
735,737,690,32,2,2005-05-29,08:11:31,2005-06-04,11:18:31,2006-02-15 21:30:53
736,738,630,11,2,2005-05-29,08:20:08,2005-06-06,08:59:08,2006-02-15 21:30:53
737,739,217,92,2,2005-05-29,08:28:18,2005-06-06,09:21:18,2006-02-15 21:30:53
738,740,953,68,2,2005-05-29,08:30:36,2005-06-04,12:47:36,2006-02-15 21:30:53
739,741,633,24,1,2005-05-29,08:35:49,2005-06-04,11:55:49,2006-02-15 21:30:53
740,742,694,87,1,2005-05-29,08:36:30,2005-06-05,11:30:30,2006-02-15 21:30:53
741,743,260,22,2,2005-05-29,08:39:02,2005-06-06,08:42:02,2006-02-15 21:30:53
742,744,112,100,2,2005-05-29,09:13:08,2005-06-01,07:05:08,2006-02-15 21:30:53
743,745,220,23,1,2005-05-29,09:22:57,2005-06-01,09:10:57,2006-02-15 21:30:53
744,746,441,57,2,2005-05-29,09:25:10,2005-06-02,04:20:10,2006-02-15 21:30:53
745,747,318,93,1,2005-05-29,09:26:34,2005-06-05,07:28:34,2006-02-15 21:30:53
746,748,46,95,1,2005-05-29,09:27:00,2005-06-03,04:25:00,2006-02-15 21:30:53
747,749,732,93,2,2005-05-29,09:33:33,2005-05-31,11:45:33,2006-02-15 21:30:53
748,750,248,21,1,2005-05-29,09:41:40,2005-05-30,13:31:40,2006-02-15 21:30:53
749,751,893,37,1,2005-05-29,09:55:43,2005-06-02,04:54:43,2006-02-15 21:30:53
750,752,605,86,1,2005-05-29,10:14:15,2005-06-04,06:30:15,2006-02-15 21:30:53
751,753,760,18,2,2005-05-29,10:16:42,2005-06-05,08:52:42,2006-02-15 21:30:53
752,754,555,45,2,2005-05-29,10:18:59,2005-06-04,05:03:59,2006-02-15 21:30:53
753,755,552,63,2,2005-05-29,10:26:29,2005-06-01,10:25:29,2006-02-15 21:30:53
754,756,909,84,1,2005-05-29,10:28:45,2005-06-04,12:50:45,2006-02-15 21:30:53
755,757,240,98,1,2005-05-29,10:29:47,2005-06-07,15:27:47,2006-02-15 21:30:53
756,758,138,30,2,2005-05-29,10:31:56,2005-06-01,14:53:56,2006-02-15 21:30:53
757,759,879,100,2,2005-05-29,10:57:57,2005-06-07,16:23:57,2006-02-15 21:30:53
758,760,379,91,1,2005-05-29,11:07:25,2005-06-02,14:16:25,2006-02-15 21:30:53
759,761,307,95,2,2005-05-29,11:09:01,2005-06-03,16:18:01,2006-02-15 21:30:53
760,762,728,3,1,2005-05-29,11:15:51,2005-06-06,07:48:51,2006-02-15 21:30:53
761,763,386,8,1,2005-05-29,11:32:15,2005-05-31,17:31:15,2006-02-15 21:30:53
762,764,904,23,1,2005-05-29,11:37:35,2005-05-31,16:47:35,2006-02-15 21:30:53
763,765,463,69,1,2005-05-29,11:38:34,2005-06-02,17:04:34,2006-02-15 21:30:53
764,766,557,42,1,2005-05-29,11:47:02,2005-06-06,07:14:02,2006-02-15 21:30:53
765,767,786,73,2,2005-05-29,12:20:19,2005-06-02,14:15:19,2006-02-15 21:30:53
766,768,464,60,2,2005-05-29,12:30:46,2005-06-07,09:00:46,2006-02-15 21:30:53
767,769,169,63,1,2005-05-29,12:51:44,2005-06-01,17:43:44,2006-02-15 21:30:53
768,770,204,60,2,2005-05-29,12:56:50,2005-06-07,15:54:50,2006-02-15 21:30:53
769,771,521,41,2,2005-05-29,12:59:14,2005-06-01,16:05:14,2006-02-15 21:30:53
770,772,792,5,1,2005-05-29,13:08:06,2005-06-06,08:19:06,2006-02-15 21:30:53
771,773,312,46,1,2005-05-29,13:18:05,2005-06-07,17:22:05,2006-02-15 21:30:53
772,774,573,8,1,2005-05-29,13:19:43,2005-06-01,18:51:43,2006-02-15 21:30:53
773,775,617,20,2,2005-05-29,13:23:26,2005-05-30,07:53:26,2006-02-15 21:30:53
774,776,674,96,1,2005-05-29,13:35:35,2005-06-03,17:33:35,2006-02-15 21:30:53
775,777,348,8,2,2005-05-29,14:07:58,2005-06-03,08:41:58,2006-02-15 21:30:53
776,778,841,5,1,2005-05-29,14:09:53,2005-06-05,20:05:53,2006-02-15 21:30:53
777,779,208,11,1,2005-05-29,14:17:17,2005-06-06,16:46:17,2006-02-15 21:30:53
778,780,635,16,1,2005-05-29,14:18:32,2005-06-06,20:14:32,2006-02-15 21:30:53
779,781,191,6,1,2005-05-29,14:23:58,2005-05-30,17:44:58,2006-02-15 21:30:53
780,782,710,47,2,2005-05-29,14:38:57,2005-06-02,13:18:57,2006-02-15 21:30:53
781,783,749,22,2,2005-05-29,14:41:18,2005-06-06,10:39:18,2006-02-15 21:30:53
782,784,894,79,2,2005-05-29,14:44:22,2005-06-01,17:28:22,2006-02-15 21:30:53
783,785,761,60,1,2005-05-29,15:08:41,2005-05-30,15:51:41,2006-02-15 21:30:53
784,786,965,91,2,2005-05-29,15:17:28,2005-06-07,10:07:28,2006-02-15 21:30:53
785,787,490,9,2,2005-05-29,16:03:03,2005-06-07,11:07:03,2006-02-15 21:30:53
786,788,738,59,1,2005-05-29,16:13:55,2005-05-31,16:40:55,2006-02-15 21:30:53
787,789,809,67,1,2005-05-29,16:17:07,2005-06-06,18:15:07,2006-02-15 21:30:53
788,790,152,22,2,2005-05-29,16:19:29,2005-06-02,17:22:29,2006-02-15 21:30:53
789,791,163,66,1,2005-05-29,16:30:42,2005-06-01,19:11:42,2006-02-15 21:30:53
790,792,348,24,1,2005-05-29,16:32:10,2005-05-31,18:01:10,2006-02-15 21:30:53
791,793,706,2,2,2005-05-29,16:44:08,2005-06-06,19:21:08,2006-02-15 21:30:53
792,794,187,61,1,2005-05-29,16:44:11,2005-06-05,16:11:11,2006-02-15 21:30:53
793,795,540,67,2,2005-05-29,16:57:39,2005-06-01,11:33:39,2006-02-15 21:30:53
794,796,565,27,2,2005-05-29,16:59:44,2005-06-03,16:22:44,2006-02-15 21:30:53
795,797,939,58,1,2005-05-29,17:12:17,2005-06-03,16:06:17,2006-02-15 21:30:53
796,798,467,83,2,2005-05-29,17:23:43,2005-06-01,13:06:43,2006-02-15 21:30:53
797,799,507,62,1,2005-05-29,17:24:48,2005-06-05,12:25:48,2006-02-15 21:30:53
798,800,666,32,1,2005-05-29,17:28:12,2005-05-30,14:59:12,2006-02-15 21:30:53
799,801,754,15,2,2005-05-29,17:35:50,2005-06-04,17:05:50,2006-02-15 21:30:53
800,802,215,12,2,2005-05-29,17:38:59,2005-05-31,22:42:59,2006-02-15 21:30:53
801,803,465,7,2,2005-05-29,17:52:30,2005-05-30,14:35:30,2006-02-15 21:30:53
802,804,910,10,1,2005-05-29,18:10:24,2005-06-06,22:53:24,2006-02-15 21:30:53
803,805,31,9,2,2005-05-29,18:18:18,2005-06-07,15:11:18,2006-02-15 21:30:53
804,806,528,4,2,2005-05-29,18:31:30,2005-05-31,00:18:30,2006-02-15 21:30:53
805,807,552,90,2,2005-05-29,18:50:50,2005-06-03,18:36:50,2006-02-15 21:30:53
806,808,632,75,2,2005-05-29,19:08:20,2005-06-06,20:32:20,2006-02-15 21:30:53
807,809,952,24,2,2005-05-29,19:10:20,2005-06-05,19:05:20,2006-02-15 21:30:53
808,810,524,89,2,2005-05-29,19:12:04,2005-06-04,21:12:04,2006-02-15 21:30:53
809,811,175,74,2,2005-05-29,19:30:42,2005-06-02,16:19:42,2006-02-15 21:30:53
810,812,767,38,2,2005-05-29,20:00:30,2005-05-30,19:43:30,2006-02-15 21:30:53
811,813,857,24,1,2005-05-29,20:14:34,2005-06-05,20:56:34,2006-02-15 21:30:53
812,814,367,21,1,2005-05-29,20:16:12,2005-06-07,17:47:12,2006-02-15 21:30:53
813,815,921,16,1,2005-05-29,20:24:28,2005-06-03,15:32:28,2006-02-15 21:30:53
814,816,25,48,2,2005-05-29,20:26:39,2005-06-06,22:31:39,2006-02-15 21:30:53
815,817,612,75,1,2005-05-29,20:39:14,2005-05-31,18:24:14,2006-02-15 21:30:53
816,818,986,82,2,2005-05-29,20:47:53,2005-06-02,23:18:53,2006-02-15 21:30:53
817,819,125,53,2,2005-05-29,21:00:32,2005-06-02,15:15:32,2006-02-15 21:30:53
818,820,847,13,2,2005-05-29,21:07:22,2005-06-07,00:22:22,2006-02-15 21:30:53
819,821,137,33,1,2005-05-29,21:31:12,2005-06-04,22:49:12,2006-02-15 21:30:53
820,822,867,93,1,2005-05-29,21:36:00,2005-06-07,17:24:00,2006-02-15 21:30:53
821,823,964,37,1,2005-05-29,21:39:37,2005-05-30,22:06:37,2006-02-15 21:30:53
822,824,492,40,1,2005-05-29,21:45:32,2005-05-31,19:01:32,2006-02-15 21:30:53
823,825,980,99,2,2005-05-29,21:49:41,2005-06-04,20:27:41,2006-02-15 21:30:53
824,826,250,22,1,2005-05-29,21:56:15,2005-06-08,03:18:15,2006-02-15 21:30:53
825,827,854,65,1,2005-05-29,21:58:43,2005-06-06,00:54:43,2006-02-15 21:30:53
826,828,21,34,1,2005-05-29,22:14:55,2005-05-30,17:22:55,2006-02-15 21:30:53
827,829,909,5,1,2005-05-29,22:16:42,2005-06-06,01:38:42,2006-02-15 21:30:53
828,830,75,99,1,2005-05-29,22:43:55,2005-06-01,17:43:55,2006-02-15 21:30:53
829,831,565,100,1,2005-05-29,22:50:25,2005-06-06,02:27:25,2006-02-15 21:30:53
830,832,141,44,2,2005-05-29,22:51:20,2005-06-07,17:37:20,2006-02-15 21:30:53
831,833,925,39,1,2005-05-29,23:21:56,2005-06-02,18:40:56,2006-02-15 21:30:53
832,834,211,99,2,2005-05-29,23:24:30,2005-05-30,22:00:30,2006-02-15 21:30:53
833,835,435,97,1,2005-05-29,23:37:00,2005-06-02,23:38:00,2006-02-15 21:30:53
834,836,250,97,2,2005-05-29,23:56:42,2005-05-31,04:11:42,2006-02-15 21:30:53
835,837,223,8,2,2005-05-30,00:02:08,2005-06-02,05:31:08,2006-02-15 21:30:53
836,838,17,76,2,2005-05-30,00:27:57,2005-06-06,22:19:57,2006-02-15 21:30:53
837,839,529,49,1,2005-05-30,00:28:12,2005-06-08,02:43:12,2006-02-15 21:30:53
838,840,220,74,2,2005-05-30,00:28:41,2005-05-31,20:39:41,2006-02-15 21:30:53
839,841,800,55,1,2005-05-30,00:31:17,2005-06-02,19:14:17,2006-02-15 21:30:53
840,842,994,96,1,2005-05-30,00:32:04,2005-06-01,02:21:04,2006-02-15 21:30:53
841,843,466,88,2,2005-05-30,00:44:24,2005-05-31,00:58:24,2006-02-15 21:30:53
842,844,935,14,1,2005-05-30,00:58:20,2005-06-01,00:38:20,2006-02-15 21:30:53
843,845,102,92,1,2005-05-30,01:17:25,2005-06-07,02:00:25,2006-02-15 21:30:53
844,846,560,41,2,2005-05-30,01:17:45,2005-06-01,00:56:45,2006-02-15 21:30:53
845,847,698,90,2,2005-05-30,01:18:15,2005-06-06,20:20:15,2006-02-15 21:30:53
846,848,783,70,1,2005-05-30,01:19:53,2005-06-05,23:40:53,2006-02-15 21:30:53
847,849,982,86,1,2005-05-30,01:23:07,2005-06-07,01:50:07,2006-02-15 21:30:53
848,850,996,12,1,2005-05-30,01:35:12,2005-05-31,01:51:12,2006-02-15 21:30:53
849,851,96,34,1,2005-05-30,01:35:15,2005-06-06,07:27:15,2006-02-15 21:30:53
850,852,557,30,1,2005-05-30,01:36:57,2005-06-01,22:44:57,2006-02-15 21:30:53
851,853,704,59,1,2005-05-30,01:43:31,2005-06-01,02:05:31,2006-02-15 21:30:53
852,854,272,54,2,2005-05-30,01:56:11,2005-06-01,06:34:11,2006-02-15 21:30:53
853,855,390,50,2,2005-05-30,02:00:28,2005-06-03,20:16:28,2006-02-15 21:30:53
854,856,510,51,1,2005-05-30,02:01:21,2005-06-07,03:25:21,2006-02-15 21:30:53
855,857,604,44,2,2005-05-30,02:01:23,2005-06-02,06:07:23,2006-02-15 21:30:53
856,858,981,46,1,2005-05-30,02:10:32,2005-06-01,04:42:32,2006-02-15 21:30:53
857,859,189,9,2,2005-05-30,02:36:20,2005-06-02,07:49:20,2006-02-15 21:30:53
858,860,303,39,1,2005-05-30,02:45:16,2005-06-08,07:28:16,2006-02-15 21:30:53
859,861,9,25,1,2005-05-30,02:48:32,2005-06-06,05:43:32,2006-02-15 21:30:53
860,862,722,53,1,2005-05-30,03:09:11,2005-06-03,21:27:11,2006-02-15 21:30:53
861,863,556,100,2,2005-05-30,03:14:59,2005-06-05,04:34:59,2006-02-15 21:30:53
862,864,528,99,1,2005-05-30,03:27:17,2005-06-06,08:28:17,2006-02-15 21:30:53
863,865,858,33,2,2005-05-30,03:39:44,2005-06-07,08:10:44,2006-02-15 21:30:53
864,866,192,56,1,2005-05-30,03:43:54,2005-06-08,04:28:54,2006-02-15 21:30:53
865,867,301,71,1,2005-05-30,03:54:43,2005-06-01,22:59:43,2006-02-15 21:30:53
866,868,554,65,1,2005-05-30,04:19:55,2005-05-31,02:28:55,2006-02-15 21:30:53
867,869,473,68,2,2005-05-30,04:22:06,2005-06-03,09:18:06,2006-02-15 21:30:53
868,870,238,29,1,2005-05-30,04:25:47,2005-06-06,04:32:47,2006-02-15 21:30:53
869,871,902,38,2,2005-05-30,05:01:30,2005-06-04,06:22:30,2006-02-15 21:30:53
870,872,131,5,1,2005-05-30,05:03:04,2005-06-06,10:35:04,2006-02-15 21:30:53
871,873,405,9,2,2005-05-30,05:15:20,2005-06-07,00:49:20,2006-02-15 21:30:53
872,874,328,20,1,2005-05-30,05:36:21,2005-06-01,09:32:21,2006-02-15 21:30:53
873,875,885,51,2,2005-05-30,05:38:24,2005-06-06,00:34:24,2006-02-15 21:30:53
874,876,575,80,2,2005-05-30,05:41:22,2005-06-07,09:06:22,2006-02-15 21:30:53
875,877,69,98,1,2005-05-30,05:48:59,2005-06-02,09:30:59,2006-02-15 21:30:53
876,878,17,1,1,2005-05-30,05:49:13,2005-06-07,04:35:13,2006-02-15 21:30:53
877,879,550,41,2,2005-05-30,05:49:42,2005-06-05,01:45:42,2006-02-15 21:30:53
878,880,421,98,2,2005-05-30,06:12:33,2005-06-02,04:35:33,2006-02-15 21:30:53
879,881,452,53,1,2005-05-30,06:15:36,2005-06-02,10:21:36,2006-02-15 21:30:53
880,882,706,28,1,2005-05-30,06:16:06,2005-06-02,11:57:06,2006-02-15 21:30:53
881,883,188,51,2,2005-05-30,06:21:05,2005-06-07,04:50:05,2006-02-15 21:30:53
882,884,607,91,1,2005-05-30,06:41:32,2005-05-31,07:39:32,2006-02-15 21:30:53
883,885,629,91,2,2005-05-30,06:54:28,2005-06-03,07:03:28,2006-02-15 21:30:53
884,886,562,83,2,2005-05-30,06:54:51,2005-06-01,06:04:51,2006-02-15 21:30:53
885,887,919,87,2,2005-05-30,07:10:00,2005-06-01,06:48:00,2006-02-15 21:30:53
886,888,844,32,1,2005-05-30,07:13:14,2005-06-06,09:50:14,2006-02-15 21:30:53
887,889,359,71,2,2005-05-30,07:14:53,2005-05-31,07:56:53,2006-02-15 21:30:53
888,890,301,73,1,2005-05-30,07:43:04,2005-06-01,11:26:04,2006-02-15 21:30:53
889,891,998,72,1,2005-05-30,07:43:12,2005-06-08,09:21:12,2006-02-15 21:30:53
890,892,690,60,1,2005-05-30,08:02:56,2005-06-05,12:51:56,2006-02-15 21:30:53
891,893,177,17,2,2005-05-30,08:06:59,2005-06-07,08:23:59,2006-02-15 21:30:53
892,894,77,37,1,2005-05-30,08:31:31,2005-06-07,12:39:31,2006-02-15 21:30:53
893,895,300,96,1,2005-05-30,08:50:43,2005-06-05,10:58:43,2006-02-15 21:30:53
894,896,618,52,2,2005-05-30,09:03:52,2005-06-05,07:37:52,2006-02-15 21:30:53
895,897,367,2,1,2005-05-30,09:10:01,2005-06-08,03:43:01,2006-02-15 21:30:53
896,898,949,52,2,2005-05-30,09:26:19,2005-06-01,10:45:19,2006-02-15 21:30:53
897,899,802,91,2,2005-05-30,09:29:30,2005-06-06,12:39:30,2006-02-15 21:30:53
898,900,349,31,1,2005-05-30,09:38:41,2005-06-07,11:54:41,2006-02-15 21:30:53
899,901,789,42,1,2005-05-30,09:40:40,2005-06-02,10:32:40,2006-02-15 21:30:53
900,902,351,25,1,2005-05-30,09:53:36,2005-06-07,12:10:36,2006-02-15 21:30:53
901,903,394,98,1,2005-05-30,10:11:29,2005-06-03,09:33:29,2006-02-15 21:30:53
902,904,394,25,2,2005-05-30,10:19:42,2005-06-05,04:58:42,2006-02-15 21:30:53
903,905,201,83,1,2005-05-30,10:25:00,2005-06-06,06:23:00,2006-02-15 21:30:53
904,906,102,11,2,2005-05-30,10:30:38,2005-06-07,06:44:38,2006-02-15 21:30:53
905,907,123,90,1,2005-05-30,10:37:27,2005-06-02,09:51:27,2006-02-15 21:30:53
906,908,998,42,1,2005-05-30,10:38:37,2005-06-03,09:56:37,2006-02-15 21:30:53
907,909,754,45,1,2005-05-30,10:43:38,2005-06-08,12:07:38,2006-02-15 21:30:53
908,910,278,6,1,2005-05-30,10:46:16,2005-06-04,13:32:16,2006-02-15 21:30:53
909,911,708,51,2,2005-05-30,10:50:22,2005-06-07,12:26:22,2006-02-15 21:30:53
910,912,349,55,2,2005-05-30,10:58:33,2005-05-31,09:31:33,2006-02-15 21:30:53
911,913,363,64,2,2005-05-30,11:04:58,2005-06-07,13:22:58,2006-02-15 21:30:53
912,914,36,28,2,2005-05-30,11:06:00,2005-06-04,06:07:00,2006-02-15 21:30:53
913,915,426,14,1,2005-05-30,11:20:27,2005-06-02,11:55:27,2006-02-15 21:30:53
914,916,270,100,1,2005-05-30,11:25:01,2005-05-31,09:06:01,2006-02-15 21:30:53
915,917,314,7,1,2005-05-30,11:27:06,2005-06-02,08:31:06,2006-02-15 21:30:53
916,918,777,77,2,2005-05-30,11:32:24,2005-05-31,07:55:24,2006-02-15 21:30:53
917,919,14,56,2,2005-05-30,11:35:06,2005-06-02,13:16:06,2006-02-15 21:30:53
918,920,616,90,2,2005-05-30,11:44:01,2005-06-02,08:19:01,2006-02-15 21:30:53
919,921,339,57,2,2005-05-30,11:53:09,2005-06-03,10:00:09,2006-02-15 21:30:53
920,922,835,99,2,2005-05-30,11:55:55,2005-06-08,10:12:55,2006-02-15 21:30:53
921,923,46,16,1,2005-05-30,11:58:50,2005-06-05,09:57:50,2006-02-15 21:30:53
922,924,622,90,1,2005-05-30,12:10:59,2005-06-04,17:28:59,2006-02-15 21:30:53
923,925,445,17,2,2005-05-30,12:13:52,2005-06-02,14:41:52,2006-02-15 21:30:53
924,926,881,65,2,2005-05-30,12:15:54,2005-06-01,08:53:54,2006-02-15 21:30:53
925,927,490,43,2,2005-05-30,12:16:40,2005-05-31,16:20:40,2006-02-15 21:30:53
926,928,86,99,2,2005-05-30,12:27:14,2005-06-05,13:56:14,2006-02-15 21:30:53
927,929,861,76,1,2005-05-30,12:32:39,2005-06-06,12:17:39,2006-02-15 21:30:53
928,930,631,51,2,2005-05-30,12:44:57,2005-06-04,10:53:57,2006-02-15 21:30:53
929,931,515,33,1,2005-05-30,12:53:01,2005-05-31,14:28:01,2006-02-15 21:30:53
930,932,803,50,2,2005-05-30,12:55:36,2005-05-31,10:30:36,2006-02-15 21:30:53
931,933,976,100,1,2005-05-30,13:08:45,2005-06-01,18:56:45,2006-02-15 21:30:53
932,934,758,72,2,2005-05-30,13:24:46,2005-06-08,16:44:46,2006-02-15 21:30:53
933,935,568,10,1,2005-05-30,13:29:36,2005-06-02,11:08:36,2006-02-15 21:30:53
934,936,62,76,1,2005-05-30,13:52:49,2005-06-07,16:56:49,2006-02-15 21:30:53
935,937,896,21,2,2005-05-30,14:47:31,2005-06-05,09:53:31,2006-02-15 21:30:53
936,938,162,64,2,2005-05-30,14:47:31,2005-06-04,10:10:31,2006-02-15 21:30:53
937,939,935,95,1,2005-05-30,14:49:34,2005-06-01,19:00:34,2006-02-15 21:30:53
938,940,679,97,1,2005-05-30,15:01:02,2005-06-01,18:26:02,2006-02-15 21:30:53
939,941,116,2,1,2005-05-30,15:02:25,2005-06-01,17:19:25,2006-02-15 21:30:53
940,942,844,87,2,2005-05-30,15:05:47,2005-06-08,15:59:47,2006-02-15 21:30:53
941,943,773,63,1,2005-05-30,15:20:19,2005-06-06,18:53:19,2006-02-15 21:30:53
942,944,963,34,2,2005-05-30,15:26:24,2005-06-07,18:09:24,2006-02-15 21:30:53
943,945,5,70,2,2005-05-30,15:33:17,2005-06-02,15:02:17,2006-02-15 21:30:53
944,946,258,38,1,2005-05-30,15:35:08,2005-06-08,11:38:08,2006-02-15 21:30:53
945,947,234,63,1,2005-05-30,15:36:57,2005-06-04,18:48:57,2006-02-15 21:30:53
946,948,86,36,2,2005-05-30,15:44:27,2005-06-08,17:30:27,2006-02-15 21:30:53
947,949,107,94,1,2005-05-30,15:50:39,2005-06-03,14:25:39,2006-02-15 21:30:53
948,950,125,23,1,2005-05-30,16:06:08,2005-06-01,11:43:08,2006-02-15 21:30:53
949,951,649,38,2,2005-05-30,16:10:35,2005-05-31,19:01:35,2006-02-15 21:30:53
950,952,135,93,2,2005-05-30,16:28:07,2005-06-02,16:12:07,2006-02-15 21:30:53
951,953,908,91,1,2005-05-30,16:34:02,2005-05-31,20:34:02,2006-02-15 21:30:53
952,954,636,16,2,2005-05-30,16:57:29,2005-06-08,13:30:29,2006-02-15 21:30:53
953,955,293,24,2,2005-05-30,16:59:03,2005-05-31,11:58:03,2006-02-15 21:30:53
954,956,220,67,2,2005-05-30,17:30:28,2005-06-07,13:54:28,2006-02-15 21:30:53
955,957,388,93,2,2005-05-30,17:53:29,2005-06-03,15:31:29,2006-02-15 21:30:53
956,958,909,88,2,2005-05-30,17:58:03,2005-06-01,19:17:03,2006-02-15 21:30:53
957,959,187,92,2,2005-05-30,18:07:00,2005-06-02,14:37:00,2006-02-15 21:30:53
958,960,378,52,2,2005-05-30,18:13:23,2005-06-04,00:12:23,2006-02-15 21:30:53
959,961,866,55,2,2005-05-30,18:16:44,2005-06-04,23:40:44,2006-02-15 21:30:53
960,962,623,37,1,2005-05-30,18:45:17,2005-06-05,22:47:17,2006-02-15 21:30:53
961,963,66,81,2,2005-05-30,18:52:53,2005-06-07,16:19:53,2006-02-15 21:30:53
962,964,283,37,2,2005-05-30,18:53:21,2005-06-04,22:32:21,2006-02-15 21:30:53
963,965,221,26,2,2005-05-30,19:00:14,2005-05-31,17:10:14,2006-02-15 21:30:53
964,966,255,31,1,2005-05-30,19:00:37,2005-05-31,23:51:37,2006-02-15 21:30:53
965,967,78,50,2,2005-05-30,19:12:06,2005-06-09,00:02:06,2006-02-15 21:30:53
966,968,423,2,2,2005-05-30,19:20:03,2005-05-31,18:17:03,2006-02-15 21:30:53
967,969,933,6,1,2005-05-30,19:23:48,2005-05-31,21:14:48,2006-02-15 21:30:53
968,970,769,66,1,2005-05-30,19:50:28,2005-06-09,01:19:28,2006-02-15 21:30:53
969,971,475,81,1,2005-05-30,20:10:52,2005-06-06,20:47:52,2006-02-15 21:30:53
970,972,107,79,1,2005-05-30,20:21:07,2005-06-06,00:36:07,2006-02-15 21:30:53
971,973,896,3,2,2005-05-30,20:27:45,2005-06-08,22:47:45,2006-02-15 21:30:53
972,974,546,89,2,2005-05-30,20:28:42,2005-06-08,23:45:42,2006-02-15 21:30:53
973,975,42,7,2,2005-05-30,21:07:15,2005-06-03,01:48:15,2006-02-15 21:30:53
974,976,35,53,2,2005-05-30,21:11:19,2005-06-06,02:16:19,2006-02-15 21:30:53
975,977,448,64,2,2005-05-30,21:22:26,2005-06-04,22:32:26,2006-02-15 21:30:53
976,978,758,100,1,2005-05-30,21:30:52,2005-06-07,16:22:52,2006-02-15 21:30:53
977,979,257,56,2,2005-05-30,21:37:11,2005-06-08,00:24:11,2006-02-15 21:30:53
978,980,306,30,1,2005-05-30,21:45:19,2005-06-01,20:32:19,2006-02-15 21:30:53
979,981,381,64,2,2005-05-30,21:52:42,2005-06-01,03:15:42,2006-02-15 21:30:53
980,982,42,95,1,2005-05-30,22:15:24,2005-06-02,16:18:24,2006-02-15 21:30:53
981,983,997,76,1,2005-05-30,22:15:51,2005-06-02,22:56:51,2006-02-15 21:30:53
982,984,547,79,2,2005-05-30,22:17:17,2005-06-01,20:15:17,2006-02-15 21:30:53
983,985,388,45,1,2005-05-30,22:18:35,2005-06-04,23:36:35,2006-02-15 21:30:53
984,986,415,86,1,2005-05-30,22:22:52,2005-06-01,02:24:52,2006-02-15 21:30:53
985,987,159,61,1,2005-05-30,22:59:12,2005-06-07,20:56:12,2006-02-15 21:30:53
986,988,376,53,1,2005-05-30,23:08:03,2005-06-07,00:22:03,2006-02-15 21:30:53
987,989,317,35,2,2005-05-30,23:11:51,2005-06-03,20:36:51,2006-02-15 21:30:53
988,990,435,49,2,2005-05-30,23:25:14,2005-06-06,18:41:14,2006-02-15 21:30:53
989,991,998,81,1,2005-05-30,23:29:22,2005-06-07,23:16:22,2006-02-15 21:30:53
990,992,403,9,1,2005-05-30,23:47:56,2005-06-05,19:01:56,2006-02-15 21:30:53
991,993,917,10,1,2005-05-30,23:54:19,2005-06-04,21:27:19,2006-02-15 21:30:53
992,994,86,6,2,2005-05-30,23:55:36,2005-06-04,01:00:36,2006-02-15 21:30:53
993,995,958,14,2,2005-05-31,00:06:02,2005-06-06,02:30:02,2006-02-15 21:30:53
994,996,293,74,2,2005-05-31,00:06:20,2005-05-31,21:29:20,2006-02-15 21:30:53
995,997,342,22,2,2005-05-31,00:08:25,2005-06-02,00:17:25,2006-02-15 21:30:53
996,998,838,81,1,2005-05-31,00:16:57,2005-06-01,22:41:57,2006-02-15 21:30:53
997,999,517,90,2,2005-05-31,00:25:10,2005-06-03,06:05:10,2006-02-15 21:30:53
998,1000,296,81,2,2005-05-31,00:25:56,2005-06-08,19:42:56,2006-02-15 21:30:53
999,1001,472,23,2,2005-05-31,00:46:31,2005-06-06,06:14:31,2006-02-15 21:30:53
